"Start Timestamp","End Timestamp","Application","Window Title","URL","Time Spent (s)"
"2025-04-05 17:04:00","2025-04-05 17:04:09","python.exe","Smart Screen Monitor","N/A","9.32"
"2025-04-05 17:04:09","2025-04-05 17:04:10","python.exe","Started","N/A","1.0"
"2025-04-05 17:04:10","2025-04-05 17:04:12","python.exe","Smart Screen Monitor","N/A","2.0"
"2025-04-05 17:04:12","2025-04-05 17:04:15","python.exe","Activity Log Viewer","N/A","3.0"
"2025-04-05 17:04:15","2025-04-05 17:04:16","python.exe","Smart Screen Monitor","N/A","1.0"
"2025-04-05 17:04:16","2025-04-05 17:04:40","Google Chrome","DP research paper.docx - Google Docs - Google Chrome","N/A","24.02"
"2025-04-05 17:04:40","2025-04-05 17:04:41","Google Chrome","Desktop Assistant Development - Google Chrome","N/A","1.0"
"2025-04-05 17:04:41","2025-04-05 17:05:17","Google Chrome","DP research paper.docx - Google Docs - Google Chrome","N/A","36.03"
"2025-04-05 17:05:17","2025-04-05 17:05:18","Google Chrome","New Tab - Google Chrome","N/A","1.0"
"2025-04-05 17:05:18","2025-04-05 17:05:22","Google Chrome","YouTube - Google Chrome","N/A","4.0"
"2025-04-05 17:05:22","2025-04-05 17:05:30","Google Chrome","(17) YouTube - Google Chrome","N/A","8.01"
"2025-04-05 17:05:30","2025-04-05 17:05:36","Google Chrome","(17) What is Machine Learning? | 100 Days of Machine Learning - YouTube - Google Chrome","N/A","6.0"
"2025-04-05 17:05:36","2025-04-05 17:05:55","Google Chrome","(17) AI Vs ML Vs DL for Beginners in Hindi - YouTube - Google Chrome","N/A","19.02"
"2025-04-05 17:05:55","2025-04-05 17:06:44","Google Chrome","(17) Types of Machine Learning for Beginners | Types of Machine learning in Hindi | Types of ML in Depth - YouTube - Google Chrome","N/A","49.06"
"2025-04-05 17:06:44","2025-04-05 17:09:03","Google Chrome","(17) Batch Machine Learning | Offline Vs Online Learning | Machine Learning Types - YouTube - Google Chrome","N/A","139.12"
"2025-04-05 17:09:03","2025-04-05 17:09:04","VS Code","main.py - New folder (3) - Visual Studio Code","N/A","1.0"
"2025-04-05 17:09:04","2025-04-05 17:11:50","python.exe","Smart Screen Monitor","N/A","165.96"
"2025-04-05 17:11:50","2025-04-05 17:11:51","python.exe","Started","N/A","1.0"
"2025-04-05 17:11:51","2025-04-05 17:11:52","python.exe","Smart Screen Monitor","N/A","1.0"
"2025-04-05 17:11:52","2025-04-05 17:11:58","Google Chrome","(17) Batch Machine Learning | Offline Vs Online Learning | Machine Learning Types - YouTube - Google Chrome","N/A","6.0"
"2025-04-05 17:37:31","2025-04-05 17:37:32","python.exe","Smart Screen Monitor","N/A","1.0"
"2025-04-05 17:37:32","2025-04-05 17:37:33","python.exe","Started","N/A","1.0"
"2025-04-05 17:37:33","2025-04-05 17:37:37","python.exe","Smart Screen Monitor","N/A","4.01"
"2025-04-05 17:37:37","2025-04-05 17:37:41","python.exe","Activity Log Viewer","N/A","4.01"
"2025-04-05 17:37:41","2025-04-05 17:37:43","python.exe","Smart Screen Monitor","N/A","2.0"
"2025-04-05 17:37:43","2025-04-05 17:37:44","VS Code","main.py - New folder (3) - Visual Studio Code","N/A","1.0"
"2025-04-05 17:37:44","2025-04-05 17:37:46","Google Chrome","Desktop Assistant Development - Google Chrome","N/A","2.0"
"2025-04-05 17:37:46","2025-04-05 17:37:48","Google Chrome","(18) Batch Machine Learning | Offline Vs Online Learning | Machine Learning Types - YouTube - Google Chrome","N/A","2.0"
"2025-04-05 17:37:48","2025-04-05 17:37:50","python.exe","Smart Screen Monitor","N/A","2.0"
"2025-04-05 17:37:50","2025-04-05 17:37:54","python.exe","Activity Log Viewer","N/A","4.01"
"2025-04-05 17:37:55","2025-04-05 17:37:57","python.exe","Smart Screen Monitor","N/A","2.0"
"2025-04-05 17:37:57","2025-04-05 17:38:03","Google Chrome","(18) Batch Machine Learning | Offline Vs Online Learning | Machine Learning Types - YouTube - Google Chrome","N/A","6.0"
"2025-04-05 17:43:15","2025-04-05 17:43:17","python.exe","Smart Screen Monitor","N/A","2.0"
"2025-04-05 17:43:17","2025-04-05 17:43:19","VS Code","main.py - New folder (3) - Visual Studio Code","N/A","2.0"
"2025-04-05 17:43:19","2025-04-05 17:43:21","Google Chrome","Desktop Assistant Development - Google Chrome","N/A","2.0"
"2025-04-05 17:43:21","2025-04-05 17:43:32","Google Chrome","(18) Challenges in Machine Learning | Problems in Machine Learning - YouTube - Google Chrome","N/A","11.01"
"2025-04-05 17:43:32","2025-04-05 17:45:11","Google Chrome","(18) Polynomial Regression | Machine Learning - YouTube - Google Chrome","N/A","99.08"
"2025-04-05 17:47:45","2025-04-05 17:47:46","python.exe","Smart Screen Monitor","N/A","1.0"
"2025-04-05 17:47:46","2025-04-05 17:47:47","python.exe","Started","N/A","1.0"
"2025-04-05 17:47:47","2025-04-05 17:47:48","python.exe","Smart Screen Monitor","N/A","1.0"
"2025-04-05 17:47:48","2025-04-05 17:47:49","VS Code","main.py - New folder (3) - Visual Studio Code","N/A","1.0"
"2025-04-05 17:47:49","2025-04-05 17:47:50","Google Chrome","DP research paper.docx - Google Docs - Google Chrome","N/A","1.0"
"2025-04-05 17:47:50","2025-04-05 17:49:33","Google Chrome","(18) Polynomial Regression | Machine Learning - YouTube - Google Chrome","N/A","102.09"
"2025-04-05 17:49:33","2025-04-05 17:49:35","Google Chrome","DP research paper.docx - Google Docs - Google Chrome","N/A","2.0"
"2025-04-05 18:08:30","2025-04-05 18:08:31","python.exe","Smart Screen Monitor","N/A","1.0"
"2025-04-05 18:08:31","2025-04-05 18:08:32","python.exe","Started","N/A","1.0"
"2025-04-05 18:08:32","2025-04-05 18:08:34","VS Code","main.py - New folder (3) - Visual Studio Code","N/A","2.0"
"2025-04-05 18:08:34","2025-04-05 18:08:35","Google Chrome","Desktop Assistant Development - Google Chrome","N/A","1.0"
"2025-04-05 18:08:35","2025-04-05 18:08:39","Google Chrome","New Tab - Google Chrome","N/A","4.0"
"2025-04-05 18:08:39","2025-04-05 18:08:43","Google Chrome","YouTube - Google Chrome","N/A","4.0"
"2025-04-05 18:08:43","2025-04-05 18:08:51","Google Chrome","(18) YouTube - Google Chrome","N/A","8.01"
"2025-04-05 18:08:51","2025-04-05 18:09:22","Google Chrome","(18) Array Data Structure - Part1 | DSA Series by Shradha Khapra Ma'am | C++ - YouTube - Google Chrome","N/A","31.03"
"2025-04-05 18:09:22","2025-04-05 18:09:23","VS Code","main.py - New folder (3) - Visual Studio Code","N/A","1.0"
"2025-04-05 18:09:23","2025-04-05 18:09:28","python.exe","Smart Screen Monitor","N/A","5.01"
"2025-04-05 18:09:28","2025-04-05 18:09:47","python.exe","Activity Log Viewer","N/A","19.03"
"2025-04-05 18:13:47","2025-04-05 18:13:49","python.exe","Smart Screen Monitor","N/A","2.0"
"2025-04-05 18:13:49","2025-04-05 18:13:50","VS Code","main.py - New folder (3) - Visual Studio Code","N/A","1.0"
"2025-04-05 18:13:50","2025-04-05 18:14:12","Google Chrome","(18) Array Data Structure - Part1 | DSA Series by Shradha Khapra Ma'am | C++ - YouTube - Google Chrome","N/A","22.02"
"2025-04-05 18:14:12","2025-04-05 18:14:15","Google Chrome","Desktop Assistant Development - Google Chrome","N/A","3.0"
"2025-04-05 18:14:15","2025-04-05 18:14:16","VS Code","main.py - New folder (3) - Visual Studio Code","N/A","1.0"
"2025-04-05 18:27:46","2025-04-05 18:27:47","python.exe","Smart Screen Monitor","N/A","1.0"
"2025-04-05 18:27:47","2025-04-05 18:27:48","python.exe","Started","N/A","1.0"
"2025-04-05 18:27:48","2025-04-05 18:27:49","python.exe","Smart Screen Monitor","N/A","1.0"
"2025-04-05 18:27:49","2025-04-05 18:27:50","VS Code","main.py - most_updated - Visual Studio Code","N/A","1.0"
"2025-04-05 18:27:50","2025-04-05 18:27:52","Google Chrome","Desktop Assistant Development - Google Chrome","N/A","2.0"
"2025-04-05 18:27:52","2025-04-05 18:27:54","Google Chrome","New Tab - Google Chrome","N/A","2.0"
"2025-04-05 18:27:54","2025-04-05 18:27:57","Google Chrome","YouTube - Google Chrome","N/A","3.0"
"2025-04-05 18:27:57","2025-04-05 18:28:16","Google Chrome","(18) YouTube - Google Chrome","N/A","19.01"
"2025-04-05 18:28:16","2025-04-05 18:28:22","Google Chrome","(18) Polynomial Regression | Machine Learning - YouTube - Google Chrome","N/A","5.0"
"2025-04-05 18:28:22","2025-04-05 18:28:30","Google Chrome","(18) Challenges in Machine Learning | Problems in Machine Learning - YouTube - Google Chrome","N/A","8.01"
"2025-04-05 18:28:30","2025-04-05 18:28:41","Google Chrome","(18) Data Engineer Vs Data Analyst Vs Data Scientist Vs ML Engineer | Data Science Job Roles - YouTube - Google Chrome","N/A","11.01"
"2025-04-05 20:45:53","2025-04-05 20:45:54","python.exe","Smart Screen Monitor","N/A","1.0"
"2025-04-05 20:45:54","2025-04-05 20:45:55","python.exe","Started","N/A","1.0"
"2025-04-05 20:45:55","2025-04-05 20:45:56","python.exe","Smart Screen Monitor","N/A","1.0"
"2025-04-05 20:45:56","2025-04-05 20:45:57","VS Code","main.py - most_updated - Visual Studio Code","N/A","1.0"
"2025-04-05 20:45:59","2025-04-05 20:46:01","explorer.exe","Home - File Explorer","N/A","2.0"
"2025-04-05 20:46:01","2025-04-05 20:46:03","python.exe","Smart Screen Monitor","N/A","2.0"
"2025-04-05 20:46:03","2025-04-05 20:46:05","VS Code","main.py - most_updated - Visual Studio Code","N/A","2.0"
"2025-04-05 20:46:05","2025-04-05 20:46:10","VS Code","user_goals.json - most_updated - Visual Studio Code","N/A","5.01"
"2025-04-05 20:46:10","2025-04-05 20:46:15","Microsoft Edge","keywords relate to dsa learning - Search and 2 more pages - Personal - Microsoft​ Edge","N/A","5.0"
"2025-04-05 20:46:15","2025-04-05 20:46:22","Microsoft Edge","IEEE_NLP_Paper_(1)[1].pdf and 2 more pages - Personal - Microsoft​ Edge","N/A","7.01"
"2025-04-05 20:46:26","2025-04-05 20:46:27","python.exe","Smart Screen Monitor","N/A","1.0"
"2025-04-05 20:46:27","2025-04-05 20:46:28","explorer.exe","Home - File Explorer","N/A","1.0"
"2025-04-05 20:46:30","2025-04-05 20:46:32","Google Chrome","Google Chrome","N/A","2.06"
"2025-04-05 20:46:32","2025-04-05 20:46:36","Google Chrome","New Tab - Google Chrome","N/A","4.0"
"2025-04-05 20:46:36","2025-04-05 20:46:39","Google Chrome","Download history - Google Chrome","N/A","3.0"
"2025-04-05 20:46:39","2025-04-05 20:46:43","Google Chrome","Goal_recognition_using RNN.pdf - Google Chrome","N/A","4.0"
"2025-04-05 20:46:43","2025-04-05 20:46:47","Google Chrome","Download history - Google Chrome","N/A","4.0"
"2025-04-05 20:46:47","2025-04-05 20:46:49","explorer.exe","Literature_Review - File Explorer","N/A","2.0"
"2025-04-05 20:46:49","2025-04-05 20:47:01","Microsoft Edge","Goal_recognition_using RNN.pdf - Personal - Microsoft​ Edge","N/A","12.01"
"2025-04-05 20:47:04","2025-04-05 20:47:05","Microsoft Edge","Goal_recognition_using RNN.pdf - Personal - Microsoft​ Edge","N/A","1.0"
"2025-04-05 20:47:05","2025-04-05 20:47:07","explorer.exe","Literature_Review - File Explorer","N/A","2.0"
"2025-04-05 20:47:07","2025-04-05 20:47:08","python.exe","Smart Screen Monitor","N/A","1.0"
"2025-04-05 20:47:08","2025-04-05 20:47:13","VS Code","user_goals.json - most_updated - Visual Studio Code","N/A","5.0"
"2025-04-05 20:47:13","2025-04-05 20:47:26","VS Code","● user_goals.json - most_updated - Visual Studio Code","N/A","13.01"
"2025-04-05 20:47:26","2025-04-05 20:47:29","VS Code","user_goals.json - most_updated - Visual Studio Code","N/A","3.0"
"2025-04-05 20:47:29","2025-04-05 20:47:37","python.exe","Smart Screen Monitor","N/A","8.01"
"2025-04-05 20:47:37","2025-04-05 20:47:38","python.exe","Invalid","N/A","1.0"
"2025-04-05 20:47:38","2025-04-05 20:47:44","python.exe","Smart Screen Monitor","N/A","6.01"
"2025-04-05 20:47:44","2025-04-05 20:47:46","VS Code","main.py - most_updated - Visual Studio Code","N/A","2.0"
"2025-04-05 20:47:46","2025-04-05 20:47:51","python.exe","Smart Screen Monitor","N/A","5.0"
"2025-04-05 20:47:51","2025-04-05 20:47:52","Google Chrome","Download history - Google Chrome","N/A","1.0"
"2025-04-05 20:47:52","2025-04-05 20:47:54","explorer.exe","Literature_Review - File Explorer","N/A","2.0"
"2025-04-05 20:47:59","2025-04-05 20:48:00","explorer.exe","Home - File Explorer","N/A","1.0"
"2025-04-05 20:48:02","2025-04-05 20:48:05","Google Chrome","Google Chrome","N/A","3.05"
"2025-04-05 20:48:05","2025-04-05 20:48:16","Google Chrome","New Tab - Google Chrome","N/A","11.01"
"2025-04-05 20:48:16","2025-04-05 20:48:21","Google Chrome","docs - Google Search - Google Chrome","N/A","5.01"
"2025-04-05 20:48:21","2025-04-05 20:48:40","Google Chrome","Untitled document - Google Docs - Google Chrome","N/A","19.02"
"2025-04-05 20:48:40","2025-04-05 20:51:39","Google Chrome","DP research paper.docx - Google Docs - Google Chrome","N/A","179.24"
"2025-04-05 20:51:39","2025-04-05 20:51:45","Google Chrome","New Tab - Google Chrome","N/A","6.0"
"2025-04-05 20:51:45","2025-04-05 20:51:49","Google Chrome","collab - Google Search - Google Chrome","N/A","4.0"
"2025-04-05 20:51:49","2025-04-05 20:51:50","Google Chrome","Google Colab - Google Chrome","N/A","1.0"
"2025-04-05 20:51:50","2025-04-05 20:51:52","Google Chrome","DP research paper.docx - Google Docs - Google Chrome","N/A","2.0"
"2025-04-05 20:51:52","2025-04-05 20:52:00","Google Chrome","Google Colab - Google Chrome","N/A","8.01"
"2025-04-05 20:52:00","2025-04-05 20:52:01","VS Code","main.py - most_updated - Visual Studio Code","N/A","1.01"
"2025-04-05 20:52:01","2025-04-05 20:52:09","VS Code","user_goals.json - most_updated - Visual Studio Code","N/A","8.01"
"2025-04-05 20:52:09","2025-04-05 20:52:12","VS Code","● user_goals.json - most_updated - Visual Studio Code","N/A","3.0"
"2025-04-05 20:52:12","2025-04-05 20:52:14","VS Code","user_goals.json - most_updated - Visual Studio Code","N/A","2.0"
"2025-04-05 20:52:14","2025-04-05 20:52:32","Google Chrome","Welcome To Colab - Colab - Google Chrome","N/A","18.02"
"2025-04-05 20:52:32","2025-04-05 20:52:37","Google Chrome","Google Colab - Google Chrome","N/A","5.01"
"2025-04-05 20:52:37","2025-04-05 20:53:16","Google Chrome","Untitled24.ipynb_Linear_Reg(50) - Colab - Google Chrome","N/A","39.06"
"2025-04-05 20:53:16","2025-04-05 20:56:19","Google Chrome","Linear regression(50) - Colab - Google Chrome","N/A","183.27"
"2025-04-05 20:56:19","2025-04-05 20:56:20","Unknown","Unknown","N/A","1.0"
"2025-04-05 20:56:20","2025-04-05 20:57:48","LockApp.exe","Windows Default Lock Screen","N/A","87.46"
"2025-04-05 20:57:49","2025-04-05 20:57:52","Google Chrome","Linear regression(50) - Colab - Google Chrome","N/A","3.0"
"2025-04-05 20:57:52","2025-04-05 20:58:00","Google Chrome","New Tab - Google Chrome","N/A","8.01"
"2025-04-05 20:58:00","2025-04-05 20:58:03","Google Chrome","YouTube - Google Chrome","N/A","3.0"
"2025-04-05 21:03:13","2025-04-05 21:03:14","python.exe","Smart Screen Monitor","N/A","1.0"
"2025-04-05 21:03:14","2025-04-05 21:03:15","python.exe","Started","N/A","1.0"
"2025-04-05 21:03:15","2025-04-05 21:03:16","python.exe","Smart Screen Monitor","N/A","1.0"
"2025-04-05 21:03:16","2025-04-05 21:03:17","VS Code","main.py - most_updated - Visual Studio Code","N/A","1.0"
"2025-04-05 21:03:19","2025-04-05 21:03:20","python.exe","Smart Screen Monitor","N/A","1.0"
"2025-04-05 21:03:20","2025-04-05 21:03:23","VS Code","main.py - most_updated - Visual Studio Code","N/A","3.0"
"2025-04-05 21:03:23","2025-04-05 21:03:29","VS Code","analyzed_screen_activity_log.csv - most_updated - Visual Studio Code","N/A","6.0"
"2025-04-05 21:03:30","2025-04-05 21:04:36","python.exe","Smart Screen Monitor","N/A","65.87"
"2025-04-05 21:04:36","2025-04-05 21:04:37","python.exe","Started","N/A","1.0"
"2025-04-05 21:04:37","2025-04-05 21:04:39","python.exe","Smart Screen Monitor","N/A","2.0"
"2025-04-05 21:04:39","2025-04-05 21:04:40","Unknown","Unknown","N/A","1.0"
"2025-04-05 21:04:41","2025-04-05 21:04:46","Google Chrome","(18) YouTube - Google Chrome","N/A","5.0"
"2025-04-05 21:04:46","2025-04-05 21:06:36","Google Chrome","(18) Array Data Structure - Part1 | DSA Series by Shradha Khapra Ma'am | C++ - YouTube - Google Chrome","N/A","110.1"
"2025-04-05 21:06:38","2025-04-05 21:06:40","Google Chrome","New Tab - Google Chrome","N/A","2.0"
"2025-04-05 21:06:40","2025-04-05 21:06:42","Google Chrome","(18) Array Data Structure - Part1 | DSA Series by Shradha Khapra Ma'am | C++ - YouTube - Google Chrome","N/A","2.0"
"2025-04-05 21:06:43","2025-04-05 21:06:51","Google Chrome","Google Chrome","N/A","8.02"
"2025-04-05 21:06:51","2025-04-05 21:06:58","ShellHost.exe","Quick settings","N/A","7.01"
"2025-04-05 21:06:58","2025-04-05 21:07:11","Google Chrome","(18) Array Data Structure - Part1 | DSA Series by Shradha Khapra Ma'am | C++ - YouTube - Google Chrome","N/A","13.02"
"2025-04-05 21:07:12","2025-04-05 21:07:16","Google Chrome","Google Chrome","N/A","4.0"
"2025-04-05 21:07:16","2025-04-05 21:07:18","Google Chrome","(18) Array Data Structure - Part1 | DSA Series by Shradha Khapra Ma'am | C++ - YouTube - Google Chrome","N/A","2.0"
"2025-04-05 21:07:22","2025-04-05 21:07:23","Google Chrome","Google Chrome","N/A","1.0"
"2025-04-05 21:07:23","2025-04-05 21:07:24","ShellExperienceHost.exe","New notification","N/A","1.0"
"2025-04-05 21:07:24","2025-04-05 21:08:06","Google Chrome","Google Chrome","N/A","42.04"
"2025-04-05 21:08:06","2025-04-05 21:08:07","Google Chrome","(18) Array Data Structure - Part1 | DSA Series by Shradha Khapra Ma'am | C++ - YouTube - Google Chrome","N/A","1.0"
"2025-04-05 21:08:09","2025-04-05 21:09:17","Google Chrome","Google Chrome","N/A","68.06"
"2025-04-05 21:09:17","2025-04-05 21:09:21","CredentialUIBroker.exe","Windows Security","N/A","4.0"
"2025-04-05 21:09:21","2025-04-05 21:09:22","Google Chrome","Google Chrome","N/A","1.0"
"2025-04-05 21:09:22","2025-04-05 21:09:26","CredentialUIBroker.exe","Windows Security","N/A","4.0"
"2025-04-05 21:09:26","2025-04-05 21:09:29","Google Chrome","Google Chrome","N/A","3.0"
"2025-04-05 21:09:29","2025-04-05 21:10:16","CredentialUIBroker.exe","Windows Security","N/A","47.05"
"2025-04-05 21:10:16","2025-04-05 21:10:18","Google Chrome","Google Chrome","N/A","2.0"
"2025-04-05 21:10:18","2025-04-05 21:10:21","CredentialUIBroker.exe","Windows Security","N/A","3.0"
"2025-04-05 21:10:21","2025-04-05 21:10:22","Google Chrome","Google Chrome","N/A","1.0"
"2025-04-05 21:10:22","2025-04-05 21:10:24","CredentialUIBroker.exe","Windows Security","N/A","2.0"
"2025-04-05 21:10:24","2025-04-05 21:10:51","Google Chrome","Google Chrome","N/A","27.02"
"2025-04-05 21:10:51","2025-04-05 21:11:16","Google Chrome","(18) Array Data Structure - Part1 | DSA Series by Shradha Khapra Ma'am | C++ - YouTube - Google Chrome","N/A","25.02"
"2025-04-05 21:11:16","2025-04-05 21:11:17","Google Chrome","Linear regression(50) - Colab - Google Chrome","N/A","1.0"
"2025-04-05 21:11:17","2025-04-05 21:11:30","Google Chrome","(18) Array Data Structure - Part1 | DSA Series by Shradha Khapra Ma'am | C++ - YouTube - Google Chrome","N/A","13.01"
"2025-04-05 21:11:30","2025-04-05 21:11:31","Google Chrome","(18) 100 days of mL - YouTube - Google Chrome","N/A","1.0"
"2025-04-05 21:11:31","2025-04-05 21:11:36","Google Chrome","(18) Array Data Structure - Part1 | DSA Series by Shradha Khapra Ma'am | C++ - YouTube - Google Chrome","N/A","5.0"
"2025-04-05 21:11:36","2025-04-05 21:12:00","Google Chrome","(18) What is Machine Learning? | 100 Days of Machine Learning - YouTube - Google Chrome","N/A","24.02"
"2025-04-05 21:12:00","2025-04-05 21:12:04","python.exe","Smart Screen Monitor","N/A","4.0"
"2025-04-05 21:12:04","2025-04-05 21:12:23","Google Chrome","(18) Multiple Linear Regression | Part 3 | Code From Scratch - YouTube - Google Chrome","N/A","19.01"
"2025-04-05 21:12:23","2025-04-05 21:12:36","Google Chrome","(18) Gradient Descent From Scratch | End to End Gradient Descent | Gradient Descent Animation - YouTube - Google Chrome","N/A","13.01"
"2025-04-05 21:12:36","2025-04-05 21:12:38","python.exe","Smart Screen Monitor","N/A","1.86"
"2025-04-05 21:12:38","2025-04-05 21:12:48","python.exe","Activity Log Viewer","N/A","10.01"
"2025-04-05 21:12:48","2025-04-05 21:13:33","python.exe","Smart Screen Monitor","N/A","45.05"
"2025-04-05 21:13:33","2025-04-05 21:13:34","ShellExperienceHost.exe","New notification","N/A","1.0"
"2025-04-05 21:13:34","2025-04-05 21:13:35","python.exe","Smart Screen Monitor","N/A","1.0"
"2025-04-05 21:13:35","2025-04-05 21:13:44","Google Chrome","(18) Gradient Descent From Scratch | End to End Gradient Descent | Gradient Descent Animation - YouTube - Google Chrome","N/A","9.01"
"2025-04-05 21:13:44","2025-04-05 21:16:59","Google Chrome","(18) Batch Gradient Descent with Code Demo | Simple Explanation in Hindi - YouTube - Google Chrome","N/A","194.16"
"2025-04-05 21:16:59","2025-04-05 21:19:10","Google Chrome","(18) Stochastic Gradient Descent - YouTube - Google Chrome","N/A","131.11"
"2025-04-05 21:19:10","2025-04-05 21:24:36","Google Chrome","(18) Mini-Batch Gradient Descent - YouTube - Google Chrome","N/A","326.29"
"2025-04-05 21:24:36","2025-04-05 21:24:54","Google Chrome","(18) Polynomial Regression | Machine Learning - YouTube - Google Chrome","N/A","18.01"
"2025-04-05 21:24:54","2025-04-05 21:28:01","Google Chrome","(18) Bias Variance Trade-off | Overfitting and Underfitting in Machine Learning - YouTube - Google Chrome","N/A","187.17"
"2025-04-05 21:28:01","2025-04-05 21:28:31","Google Chrome","(18) Ridge Regression Part 1 | Geometric Intuition and Code | Regularized Linear Models - YouTube - Google Chrome","N/A","30.02"
"2025-04-05 21:28:31","2025-04-05 21:32:21","Google Chrome","(18) ElasticNet Regression | Intuition and Code Example | Regularized Linear Models - YouTube - Google Chrome","N/A","230.19"
"2025-04-05 21:32:21","2025-04-05 21:32:22","Google Chrome","(18) Logistic Regression Part 2 | Perceptron Trick Code - YouTube - Google Chrome","N/A","1.0"
"2025-04-05 21:32:22","2025-04-05 21:37:26","Google Chrome","DP research paper.docx - Google Docs - Google Chrome","N/A","303.29"
"2025-04-05 21:37:26","2025-04-05 21:42:29","Unknown","Unknown","N/A","303.33"
"2025-04-05 21:42:29","2025-04-05 21:42:31","LockApp.exe","Windows Default Lock Screen","N/A","2.0"
"2025-04-05 21:42:31","2025-04-05 21:42:34","Google Chrome","DP research paper.docx - Google Docs - Google Chrome","N/A","3.0"
"2025-04-05 21:42:35","2025-04-05 21:42:43","ChatGPT.exe","ChatGPT","N/A","8.02"
"2025-04-05 21:42:43","2025-04-05 21:42:45","ChatGPT.exe","Desktop Assistant Development","N/A","2.01"
"2025-04-05 21:42:45","2025-04-05 21:45:30","python.exe","Smart Screen Monitor","N/A","165.4"
"2025-04-05 21:45:30","2025-04-05 21:45:32","VS Code","analyzed_screen_activity_log.csv - most_updated - Visual Studio Code","N/A","2.0"
"2025-04-05 21:45:32","2025-04-05 21:45:34","ChatGPT.exe","Desktop Assistant Development","N/A","2.0"
"2025-04-05 21:45:34","2025-04-05 21:45:35","VS Code","analyzed_screen_activity_log.csv - most_updated - Visual Studio Code","N/A","1.0"
"2025-04-05 21:45:35","2025-04-05 21:45:37","Google Chrome","DP research paper.docx - Google Docs - Google Chrome","N/A","2.0"
"2025-04-05 21:45:37","2025-04-05 21:45:51","Google Chrome","(18) Logistic Regression Part 2 | Perceptron Trick Code - YouTube - Google Chrome","N/A","14.01"
"2025-04-05 21:45:51","2025-04-05 21:46:19","Google Chrome","(18) Awesome Decision Tree Visualization using dtreeviz library - YouTube - Google Chrome","N/A","28.02"
"2025-04-05 21:46:19","2025-04-05 21:46:33","Google Chrome","(18) Introduction to Random Forest | Intuition behind the Algorithm - YouTube - Google Chrome","N/A","14.01"
"2025-04-05 21:46:33","2025-04-05 21:47:29","python.exe","Smart Screen Monitor","N/A","55.45"
"2025-04-05 21:47:29","2025-04-05 21:47:30","python.exe","Started","N/A","1.0"
"2025-04-05 21:47:30","2025-04-05 21:47:31","python.exe","Smart Screen Monitor","N/A","1.01"
"2025-04-05 21:47:31","2025-04-05 21:47:32","Unknown","Smart Screen Monitor","N/A","1.0"
"2025-04-05 21:47:32","2025-04-05 21:47:36","VS Code","analyzed_screen_activity_log.csv - most_updated - Visual Studio Code","N/A","4.0"
"2025-04-05 21:47:36","2025-04-05 21:47:39","Google Chrome","(18) Introduction to Random Forest | Intuition behind the Algorithm - YouTube - Google Chrome","N/A","3.0"
"2025-04-05 21:47:39","2025-04-05 21:49:07","Google Chrome","DP research paper.docx - Google Docs - Google Chrome","N/A","88.09"
"2025-04-05 21:49:07","2025-04-05 21:49:16","Google Chrome","New Tab - Google Chrome","N/A","9.01"
"2025-04-05 21:49:16","2025-04-05 21:49:21","Google Chrome","courcera - Google Search - Google Chrome","N/A","5.0"
"2025-04-05 21:49:21","2025-04-05 21:49:29","Google Chrome","Coursera Plus | Unlimited Access to 10,000+ Online Courses - Google Chrome","N/A","8.01"
"2025-04-05 21:49:29","2025-04-05 21:49:32","Google Chrome","New Tab - Google Chrome","N/A","3.0"
"2025-04-05 21:49:32","2025-04-05 21:49:37","Google Chrome","gfg - Google Search - Google Chrome","N/A","5.0"
"2025-04-05 21:49:37","2025-04-05 21:49:39","Google Chrome","Coursera Plus | Unlimited Access to 10,000+ Online Courses - Google Chrome","N/A","2.0"
"2025-04-05 21:49:39","2025-04-05 21:49:40","Google Chrome","(18) Introduction to Random Forest | Intuition behind the Algorithm - YouTube - Google Chrome","N/A","1.0"
"2025-04-05 21:49:40","2025-04-05 21:49:44","Google Chrome","New Tab - Google Chrome","N/A","4.0"
"2025-04-05 21:49:44","2025-04-05 21:49:49","Google Chrome","leety code - Google Search - Google Chrome","N/A","5.0"
"2025-04-05 21:49:49","2025-04-05 21:49:50","Google Chrome","(18) Introduction to Random Forest | Intuition behind the Algorithm - YouTube - Google Chrome","N/A","1.0"
"2025-04-05 21:49:50","2025-04-05 21:49:53","Google Chrome","leety code - Google Search - Google Chrome","N/A","3.0"
"2025-04-05 21:49:53","2025-04-05 21:51:48","Google Chrome","LeetCode - The World's Leading Online Programming Learning Platform - Google Chrome","N/A","115.11"
"2025-04-05 21:51:48","2025-04-05 21:51:58","Google Chrome","Loading... - Google Chrome","N/A","10.01"
"2025-04-05 21:51:58","2025-04-05 21:52:11","Google Chrome","Account Login - LeetCode - Google Chrome","N/A","13.01"
"2025-04-05 21:52:11","2025-04-05 21:52:14","CredentialUIBroker.exe","Windows Security","N/A","3.0"
"2025-04-05 21:52:14","2025-04-05 21:52:35","Google Chrome","Account Login - LeetCode - Google Chrome","N/A","21.02"
"2025-04-05 21:52:35","2025-04-05 21:52:39","CredentialUIBroker.exe","Windows Security","N/A","4.0"
"2025-04-05 21:52:39","2025-04-05 21:52:43","Google Chrome","Account Login - LeetCode - Google Chrome","N/A","4.0"
"2025-04-05 21:52:43","2025-04-05 21:52:53","Google Chrome","LeetCode - The World's Leading Online Programming Learning Platform - Google Chrome","N/A","10.01"
"2025-04-05 21:52:53","2025-04-05 21:53:48","Google Chrome","Explore - LeetCode - Google Chrome","N/A","55.05"
"2025-04-05 21:53:48","2025-04-05 21:54:35","Google Chrome","LeetCode - The World's Leading Online Programming Learning Platform - Google Chrome","N/A","47.06"
"2025-04-05 21:54:35","2025-04-05 21:56:06","Google Chrome","Problems - LeetCode - Google Chrome","N/A","91.12"
"2025-04-05 21:56:06","2025-04-05 21:56:10","Google Chrome","DP research paper.docx - Google Docs - Google Chrome","N/A","4.0"
"2025-04-05 21:56:10","2025-04-05 21:56:11","python.exe","Smart Screen Monitor","N/A","1.0"
"2025-04-05 21:56:11","2025-04-05 21:56:15","Google Chrome","DP research paper.docx - Google Docs - Google Chrome","N/A","4.0"
"2025-04-05 21:56:15","2025-04-05 21:59:40","Google Chrome","Problems - LeetCode - Google Chrome","N/A","204.28"
"2025-04-05 21:59:40","2025-04-05 21:59:43","explorer.exe","Task Switching","N/A","3.0"
"2025-04-05 21:59:43","2025-04-05 21:59:46","Google Chrome","Problems - LeetCode - Google Chrome","N/A","3.0"
"2025-04-05 21:59:46","2025-04-05 21:59:48","Google Chrome","(18) Introduction to Random Forest | Intuition behind the Algorithm - YouTube - Google Chrome","N/A","2.0"
"2025-04-05 21:59:48","2025-04-05 21:59:49","Google Chrome","Linear regression(50) - Colab - Google Chrome","N/A","1.0"
"2025-04-05 21:59:49","2025-04-05 21:59:50","Google Chrome","DP research paper.docx - Google Docs - Google Chrome","N/A","1.0"
"2025-04-05 21:59:50","2025-04-05 21:59:52","Google Chrome","Problems - LeetCode - Google Chrome","N/A","2.0"
"2025-04-05 21:59:52","2025-04-05 22:50:43","Google Chrome","(18) Introduction to Random Forest | Intuition behind the Algorithm - YouTube - Google Chrome","N/A","3050.99"
"2025-04-06 12:42:39","2025-04-06 12:42:40","python.exe","Smart Screen Monitor","N/A","1.0"
"2025-04-06 12:42:40","2025-04-06 12:42:41","python.exe","Started","N/A","1.0"
"2025-04-06 12:42:41","2025-04-06 12:42:42","python.exe","Smart Screen Monitor","N/A","1.0"
"2025-04-06 12:42:42","2025-04-06 12:42:43","Google Chrome","Regression Metrics | MSE, MAE & RMSE | R2 Score & Adjusted R2 Score - YouTube - Google Chrome","N/A","1.0"
"2025-04-06 12:42:43","2025-04-06 12:42:59","Google Chrome","Untitled27.ipynb - Colab - Google Chrome","N/A","16.01"
"2025-04-06 12:42:59","2025-04-06 12:43:00","Google Chrome","Regression Metrics | MSE, MAE & RMSE | R2 Score & Adjusted R2 Score - YouTube - Google Chrome","N/A","1.0"
"2025-04-06 12:43:00","2025-04-06 12:43:04","Google Chrome","Regression _Metrices(5.ipynb - Colab - Google Chrome","N/A","4.0"
"2025-04-06 12:43:04","2025-04-06 12:43:06","Google Chrome","Regression _Metrices(52).ipynb - Colab - Google Chrome","N/A","2.0"
"2025-04-06 12:43:06","2025-04-06 12:43:07","Google Chrome","Regression Metrics | MSE, MAE & RMSE | R2 Score & Adjusted R2 Score - YouTube - Google Chrome","N/A","1.0"
"2025-04-06 12:43:07","2025-04-06 12:43:09","Google Chrome","Regression _Metrices(52).ipynb - Colab - Google Chrome","N/A","2.0"
"2025-04-06 12:43:09","2025-04-06 12:43:16","Google Chrome","Regression Metrics | MSE, MAE & RMSE | R2 Score & Adjusted R2 Score - YouTube - Google Chrome","N/A","7.01"
"2025-04-06 12:43:16","2025-04-06 12:43:18","Google Chrome","Untitled - Google Chrome","N/A","2.0"
"2025-04-06 12:43:18","2025-04-06 12:43:25","Google Chrome","100-days-of-machine-learning/day49-regression-metrics at main · campusx-official/100-days-of-machine-learning · GitHub - Google Chrome","N/A","7.01"
"2025-04-06 12:43:25","2025-04-06 12:43:31","Google Chrome","100-days-of-machine-learning/day49-regression-metrics/placement.csv at main · campusx-official/100-days-of-machine-learning · GitHub - Google Chrome","N/A","6.01"
"2025-04-06 12:43:31","2025-04-06 12:43:36","Google Chrome","Open","N/A","5.01"
"2025-04-06 12:43:36","2025-04-06 12:43:44","Google Chrome","Regression _Metrices(52).ipynb - Colab - Google Chrome","N/A","8.01"
"2025-04-06 12:43:44","2025-04-06 12:43:48","Google Chrome","Regression Metrics | MSE, MAE & RMSE | R2 Score & Adjusted R2 Score - YouTube - Google Chrome","N/A","4.0"
"2025-04-06 12:43:48","2025-04-06 12:43:56","Google Chrome","Regression _Metrices(52).ipynb - Colab - Google Chrome","N/A","8.01"
"2025-04-06 12:43:56","2025-04-06 12:44:00","Google Chrome","Regression Metrics | MSE, MAE & RMSE | R2 Score & Adjusted R2 Score - YouTube - Google Chrome","N/A","4.0"
"2025-04-06 12:44:00","2025-04-06 12:44:45","Google Chrome","Regression _Metrices(52).ipynb - Colab - Google Chrome","N/A","45.06"
"2025-04-06 12:44:45","2025-04-06 12:44:53","Google Chrome","Regression Metrics | MSE, MAE & RMSE | R2 Score & Adjusted R2 Score - YouTube - Google Chrome","N/A","8.01"
"2025-04-06 12:44:53","2025-04-06 12:45:31","Google Chrome","Regression _Metrices(52).ipynb - Colab - Google Chrome","N/A","38.04"
"2025-04-06 12:45:31","2025-04-06 12:45:36","Google Chrome","Regression Metrics | MSE, MAE & RMSE | R2 Score & Adjusted R2 Score - YouTube - Google Chrome","N/A","5.0"
"2025-04-06 12:45:36","2025-04-06 12:45:51","Google Chrome","Regression _Metrices(52).ipynb - Colab - Google Chrome","N/A","15.01"
"2025-04-06 12:45:51","2025-04-06 12:45:53","Google Chrome","Regression Metrics | MSE, MAE & RMSE | R2 Score & Adjusted R2 Score - YouTube - Google Chrome","N/A","2.0"
"2025-04-06 12:45:53","2025-04-06 12:45:57","Google Chrome","Regression _Metrices(52).ipynb - Colab - Google Chrome","N/A","4.0"
"2025-04-06 12:45:57","2025-04-06 12:46:02","Google Chrome","Regression Metrics | MSE, MAE & RMSE | R2 Score & Adjusted R2 Score - YouTube - Google Chrome","N/A","5.0"
"2025-04-06 12:46:02","2025-04-06 12:46:34","Google Chrome","Regression _Metrices(52).ipynb - Colab - Google Chrome","N/A","32.03"
"2025-04-06 12:46:34","2025-04-06 12:46:45","Google Chrome","Regression Metrics | MSE, MAE & RMSE | R2 Score & Adjusted R2 Score - YouTube - Google Chrome","N/A","11.01"
"2025-04-06 12:46:45","2025-04-06 12:48:41","Google Chrome","Regression _Metrices(52).ipynb - Colab - Google Chrome","N/A","116.11"
"2025-04-06 12:48:41","2025-04-06 12:48:53","Google Chrome","Regression Metrics | MSE, MAE & RMSE | R2 Score & Adjusted R2 Score - YouTube - Google Chrome","N/A","12.01"
"2025-04-06 12:48:53","2025-04-06 12:49:26","Google Chrome","Regression _Metrices(52).ipynb - Colab - Google Chrome","N/A","33.03"
"2025-04-06 12:49:26","2025-04-06 12:49:27","Google Chrome","Regression Metrics | MSE, MAE & RMSE | R2 Score & Adjusted R2 Score - YouTube - Google Chrome","N/A","1.0"
"2025-04-06 12:49:27","2025-04-06 12:49:52","Google Chrome","Regression _Metrices(52).ipynb - Colab - Google Chrome","N/A","25.02"
"2025-04-06 12:49:52","2025-04-06 12:49:56","Google Chrome","Regression Metrics | MSE, MAE & RMSE | R2 Score & Adjusted R2 Score - YouTube - Google Chrome","N/A","4.0"
"2025-04-06 12:49:56","2025-04-06 12:50:00","Google Chrome","Regression _Metrices(52).ipynb - Colab - Google Chrome","N/A","4.0"
"2025-04-06 12:50:00","2025-04-06 12:50:35","Google Chrome","Regression Metrics | MSE, MAE & RMSE | R2 Score & Adjusted R2 Score - YouTube - Google Chrome","N/A","35.03"
"2025-04-06 12:50:35","2025-04-06 12:50:48","Google Chrome","Regression _Metrices(52).ipynb - Colab - Google Chrome","N/A","13.01"
"2025-04-06 12:50:48","2025-04-06 12:50:49","Google Chrome","Regression Metrics | MSE, MAE & RMSE | R2 Score & Adjusted R2 Score - YouTube - Google Chrome","N/A","1.0"
"2025-04-06 12:50:49","2025-04-06 12:50:56","Google Chrome","Regression _Metrices(52).ipynb - Colab - Google Chrome","N/A","7.01"
"2025-04-06 12:50:56","2025-04-06 12:51:00","Google Chrome","Regression Metrics | MSE, MAE & RMSE | R2 Score & Adjusted R2 Score - YouTube - Google Chrome","N/A","4.0"
"2025-04-06 12:51:00","2025-04-06 12:51:08","Google Chrome","Regression _Metrices(52).ipynb - Colab - Google Chrome","N/A","8.01"
"2025-04-06 12:51:08","2025-04-06 12:51:22","Google Chrome","Regression Metrics | MSE, MAE & RMSE | R2 Score & Adjusted R2 Score - YouTube - Google Chrome","N/A","14.01"
"2025-04-06 12:51:22","2025-04-06 12:51:29","Google Chrome","Regression _Metrices(52).ipynb - Colab - Google Chrome","N/A","7.01"
"2025-04-06 12:51:29","2025-04-06 12:51:43","Google Chrome","Regression Metrics | MSE, MAE & RMSE | R2 Score & Adjusted R2 Score - YouTube - Google Chrome","N/A","14.01"
"2025-04-06 12:51:43","2025-04-06 12:51:50","Google Chrome","Regression _Metrices(52).ipynb - Colab - Google Chrome","N/A","7.01"
"2025-04-06 12:51:50","2025-04-06 12:51:54","Google Chrome","Regression Metrics | MSE, MAE & RMSE | R2 Score & Adjusted R2 Score - YouTube - Google Chrome","N/A","4.0"
"2025-04-06 12:51:54","2025-04-06 12:51:57","Google Chrome","Regression _Metrices(52).ipynb - Colab - Google Chrome","N/A","3.0"
"2025-04-06 12:51:57","2025-04-06 12:52:00","Google Chrome","Regression Metrics | MSE, MAE & RMSE | R2 Score & Adjusted R2 Score - YouTube - Google Chrome","N/A","3.0"
"2025-04-06 12:52:00","2025-04-06 12:52:08","Google Chrome","Regression _Metrices(52).ipynb - Colab - Google Chrome","N/A","8.01"
"2025-04-06 12:52:08","2025-04-06 12:52:09","Google Chrome","Regression Metrics | MSE, MAE & RMSE | R2 Score & Adjusted R2 Score - YouTube - Google Chrome","N/A","1.0"
"2025-04-06 12:52:09","2025-04-06 12:52:21","Google Chrome","Regression _Metrices(52).ipynb - Colab - Google Chrome","N/A","12.01"
"2025-04-06 12:52:21","2025-04-06 12:52:30","Google Chrome","Regression Metrics | MSE, MAE & RMSE | R2 Score & Adjusted R2 Score - YouTube - Google Chrome","N/A","9.01"
"2025-04-06 12:52:30","2025-04-06 12:52:48","Google Chrome","Regression _Metrices(52).ipynb - Colab - Google Chrome","N/A","18.01"
"2025-04-06 12:52:48","2025-04-06 12:52:51","Google Chrome","Regression Metrics | MSE, MAE & RMSE | R2 Score & Adjusted R2 Score - YouTube - Google Chrome","N/A","3.0"
"2025-04-06 12:52:51","2025-04-06 12:53:07","Google Chrome","Regression _Metrices(52).ipynb - Colab - Google Chrome","N/A","16.01"
"2025-04-06 12:53:07","2025-04-06 12:53:08","Google Chrome","Regression Metrics | MSE, MAE & RMSE | R2 Score & Adjusted R2 Score - YouTube - Google Chrome","N/A","1.0"
"2025-04-06 12:53:08","2025-04-06 12:53:43","Google Chrome","Regression _Metrices(52).ipynb - Colab - Google Chrome","N/A","35.03"
"2025-04-06 12:53:43","2025-04-06 12:53:58","Google Chrome","Regression Metrics | MSE, MAE & RMSE | R2 Score & Adjusted R2 Score - YouTube - Google Chrome","N/A","15.01"
"2025-04-06 12:53:58","2025-04-06 12:54:23","Google Chrome","Regression _Metrices(52).ipynb - Colab - Google Chrome","N/A","25.02"
"2025-04-06 12:54:23","2025-04-06 12:54:37","Google Chrome","Regression Metrics | MSE, MAE & RMSE | R2 Score & Adjusted R2 Score - YouTube - Google Chrome","N/A","14.01"
"2025-04-06 12:54:37","2025-04-06 12:54:41","Google Chrome","Regression _Metrices(52).ipynb - Colab - Google Chrome","N/A","4.0"
"2025-04-06 12:54:41","2025-04-06 12:54:55","Google Chrome","Regression Metrics | MSE, MAE & RMSE | R2 Score & Adjusted R2 Score - YouTube - Google Chrome","N/A","14.01"
"2025-04-06 12:54:55","2025-04-06 12:55:14","Google Chrome","Regression _Metrices(52).ipynb - Colab - Google Chrome","N/A","19.02"
"2025-04-06 12:55:14","2025-04-06 12:55:33","Google Chrome","Regression Metrics | MSE, MAE & RMSE | R2 Score & Adjusted R2 Score - YouTube - Google Chrome","N/A","19.01"
"2025-04-06 12:55:33","2025-04-06 12:55:49","Google Chrome","Regression _Metrices(52).ipynb - Colab - Google Chrome","N/A","16.01"
"2025-04-06 12:55:49","2025-04-06 12:55:50","Google Chrome","Regression Metrics | MSE, MAE & RMSE | R2 Score & Adjusted R2 Score - YouTube - Google Chrome","N/A","1.0"
"2025-04-06 12:55:50","2025-04-06 12:56:06","Google Chrome","Regression _Metrices(52).ipynb - Colab - Google Chrome","N/A","15.01"
"2025-04-06 12:56:06","2025-04-06 12:56:08","Google Chrome","Regression Metrics | MSE, MAE & RMSE | R2 Score & Adjusted R2 Score - YouTube - Google Chrome","N/A","2.0"
"2025-04-06 12:56:08","2025-04-06 12:56:31","Google Chrome","Regression _Metrices(52).ipynb - Colab - Google Chrome","N/A","23.02"
"2025-04-06 12:56:31","2025-04-06 12:56:36","Google Chrome","Regression Metrics | MSE, MAE & RMSE | R2 Score & Adjusted R2 Score - YouTube - Google Chrome","N/A","5.0"
"2025-04-06 12:56:36","2025-04-06 12:56:39","Google Chrome","Regression _Metrices(52).ipynb - Colab - Google Chrome","N/A","3.0"
"2025-04-06 12:56:39","2025-04-06 12:56:41","Google Chrome","Regression Metrics | MSE, MAE & RMSE | R2 Score & Adjusted R2 Score - YouTube - Google Chrome","N/A","2.0"
"2025-04-06 12:56:41","2025-04-06 12:57:05","Google Chrome","Regression _Metrices(52).ipynb - Colab - Google Chrome","N/A","24.02"
"2025-04-06 12:57:05","2025-04-06 12:59:21","Google Chrome","Regression Metrics | MSE, MAE & RMSE | R2 Score & Adjusted R2 Score - YouTube - Google Chrome","N/A","136.11"
"2025-04-06 12:59:21","2025-04-06 13:00:21","Google Chrome","Multiple Linear Regression | Geometric Intuition & Code - YouTube - Google Chrome","N/A","60.05"
"2025-04-06 13:00:21","2025-04-06 13:00:25","Google Chrome","Regression _Metrices(52).ipynb - Colab - Google Chrome","N/A","4.0"
"2025-04-06 13:00:25","2025-04-06 13:00:27","CMediaAudioControlPanel.exe","C-Media Audio Control Panel","N/A","2.0"
"2025-04-06 15:31:26","2025-04-06 15:31:27","python.exe","Smart Screen Monitor","N/A","1.0"
"2025-04-06 15:31:27","2025-04-06 15:31:28","python.exe","Started","N/A","1.0"
"2025-04-06 15:31:28","2025-04-06 15:31:29","VS Code","main.py - most_updated - Visual Studio Code","N/A","1.0"
"2025-04-06 15:31:29","2025-04-06 15:31:44","Google Chrome","(18) Multiple Linear Regression | Geometric Intuition & Code - YouTube - Google Chrome","N/A","15.01"
"2025-04-06 15:31:44","2025-04-06 15:31:54","Google Chrome","(18) What is Machine Learning? | 100 Days of Machine Learning - YouTube - Google Chrome","N/A","10.01"
"2025-04-06 15:31:54","2025-04-06 15:45:43","Google Chrome","(18) Multiple Linear Regression | Geometric Intuition & Code - YouTube - Google Chrome","N/A","828.81"
"2025-04-06 15:45:43","2025-04-06 15:45:46","Google Chrome","New Tab - Google Chrome","N/A","3.0"
"2025-04-06 15:45:46","2025-04-06 15:45:49","Google Chrome","collab - Google Search - Google Chrome","N/A","3.0"
"2025-04-06 15:45:49","2025-04-06 15:45:50","Google Chrome","Google Colab - Google Chrome","N/A","1.0"
"2025-04-06 15:45:51","2025-04-06 15:45:54","explorer.exe","Snap Assist","N/A","3.0"
"2025-04-06 15:45:54","2025-04-06 15:45:56","Google Chrome","(18) Multiple Linear Regression | Geometric Intuition & Code - YouTube - Google Chrome","N/A","2.0"
"2025-04-06 15:45:56","2025-04-06 15:45:57","explorer.exe","Snap Assist","N/A","1.0"
"2025-04-06 15:45:57","2025-04-06 15:46:02","Google Chrome","(18) Multiple Linear Regression | Geometric Intuition & Code - YouTube - Google Chrome","N/A","5.01"
"2025-04-06 15:46:02","2025-04-06 15:46:03","Google Chrome","Welcome To Colab - Colab - Google Chrome","N/A","1.0"
"2025-04-06 15:46:03","2025-04-06 15:46:11","Google Chrome","Google Colab - Google Chrome","N/A","8.02"
"2025-04-06 15:46:11","2025-04-06 15:46:18","Google Chrome","(18) Multiple Linear Regression | Geometric Intuition & Code - YouTube - Google Chrome","N/A","7.01"
"2025-04-06 15:46:18","2025-04-06 15:46:30","Google Chrome","Untitled27.ipynb - Colab - Google Chrome","N/A","12.02"
"2025-04-06 15:46:30","2025-04-06 15:46:42","Google Chrome","Multiple_Linear_regression.ipynb - Colab - Google Chrome","N/A","12.02"
"2025-04-06 15:46:42","2025-04-06 15:46:56","Google Chrome","(18) Multiple Linear Regression | Geometric Intuition & Code - YouTube - Google Chrome","N/A","14.01"
"2025-04-06 15:46:56","2025-04-06 15:49:58","Google Chrome","Multiple_Linear_regression.ipynb - Colab - Google Chrome","N/A","182.25"
"2025-04-06 15:49:58","2025-04-06 15:50:01","Google Chrome","(18) Multiple Linear Regression | Geometric Intuition & Code - YouTube - Google Chrome","N/A","3.0"
"2025-04-06 15:50:01","2025-04-06 15:50:34","Google Chrome","Multiple_Linear_regression.ipynb - Colab - Google Chrome","N/A","33.03"
"2025-04-06 15:50:34","2025-04-06 15:50:36","Google Chrome","(18) Multiple Linear Regression | Geometric Intuition & Code - YouTube - Google Chrome","N/A","2.0"
"2025-04-06 15:50:36","2025-04-06 15:52:06","Google Chrome","Multiple_Linear_regression.ipynb - Colab - Google Chrome","N/A","90.1"
"2025-04-06 15:52:06","2025-04-06 15:52:10","Google Chrome","(18) Multiple Linear Regression | Geometric Intuition & Code - YouTube - Google Chrome","N/A","4.0"
"2025-04-06 15:52:10","2025-04-06 15:52:26","Google Chrome","Multiple_Linear_regression.ipynb - Colab - Google Chrome","N/A","16.01"
"2025-04-06 15:52:26","2025-04-06 15:52:37","Google Chrome","(18) Multiple Linear Regression | Geometric Intuition & Code - YouTube - Google Chrome","N/A","11.01"
"2025-04-06 15:52:37","2025-04-06 15:52:55","Google Chrome","Multiple_Linear_regression.ipynb - Colab - Google Chrome","N/A","18.01"
"2025-04-06 15:52:55","2025-04-06 15:52:57","Google Chrome","(18) Multiple Linear Regression | Geometric Intuition & Code - YouTube - Google Chrome","N/A","2.0"
"2025-04-06 15:52:57","2025-04-06 15:53:02","Google Chrome","Multiple_Linear_regression.ipynb - Colab - Google Chrome","N/A","5.0"
"2025-04-06 15:53:02","2025-04-06 15:53:07","Google Chrome","(18) Multiple Linear Regression | Geometric Intuition & Code - YouTube - Google Chrome","N/A","5.0"
"2025-04-06 15:53:07","2025-04-06 15:54:47","Google Chrome","Multiple_Linear_regression.ipynb - Colab - Google Chrome","N/A","100.11"
"2025-04-06 15:54:47","2025-04-06 15:54:55","Google Chrome","(18) Multiple Linear Regression | Geometric Intuition & Code - YouTube - Google Chrome","N/A","8.01"
"2025-04-06 15:54:55","2025-04-06 15:55:42","Google Chrome","Multiple_Linear_regression.ipynb - Colab - Google Chrome","N/A","47.04"
"2025-04-06 15:55:42","2025-04-06 15:55:44","Google Chrome","(18) Multiple Linear Regression | Geometric Intuition & Code - YouTube - Google Chrome","N/A","2.0"
"2025-04-06 15:55:44","2025-04-06 15:55:50","Google Chrome","Multiple_Linear_regression.ipynb - Colab - Google Chrome","N/A","6.01"
"2025-04-06 15:55:50","2025-04-06 15:55:52","Google Chrome","(18) Multiple Linear Regression | Geometric Intuition & Code - YouTube - Google Chrome","N/A","2.0"
"2025-04-06 15:55:52","2025-04-06 15:56:02","Google Chrome","Multiple_Linear_regression.ipynb - Colab - Google Chrome","N/A","10.01"
"2025-04-06 15:56:02","2025-04-06 15:56:04","Google Chrome","(18) Multiple Linear Regression | Geometric Intuition & Code - YouTube - Google Chrome","N/A","2.0"
"2025-04-06 15:56:04","2025-04-06 15:58:56","Google Chrome","Multiple_Linear_regression.ipynb - Colab - Google Chrome","N/A","171.17"
"2025-04-06 15:58:56","2025-04-06 15:59:00","Google Chrome","(18) Multiple Linear Regression | Geometric Intuition & Code - YouTube - Google Chrome","N/A","4.0"
"2025-04-06 15:59:00","2025-04-06 15:59:41","Google Chrome","Multiple_Linear_regression.ipynb - Colab - Google Chrome","N/A","41.04"
"2025-04-06 15:59:41","2025-04-06 15:59:45","Google Chrome","(18) Multiple Linear Regression | Geometric Intuition & Code - YouTube - Google Chrome","N/A","4.0"
"2025-04-06 15:59:45","2025-04-06 15:59:47","Google Chrome","Untitled - Google Chrome","N/A","2.0"
"2025-04-06 15:59:47","2025-04-06 15:59:50","Google Chrome","100-days-of-machine-learning/day50-multiple-linear-regression at main · campusx-official/100-days-of-machine-learning · GitHub - Google Chrome","N/A","3.0"
"2025-04-06 15:59:50","2025-04-06 16:00:07","Google Chrome","100-days-of-machine-learning/day50-multiple-linear-regression/multiple_linear_regression.ipynb at main · campusx-official/100-days-of-machine-learning · GitHub - Google Chrome","N/A","17.02"
"2025-04-06 16:00:07","2025-04-06 16:01:00","Google Chrome","Multiple_Linear_regression.ipynb - Colab - Google Chrome","N/A","53.07"
"2025-04-06 16:01:00","2025-04-06 16:01:04","Google Chrome","100-days-of-machine-learning/day50-multiple-linear-regression/multiple_linear_regression.ipynb at main · campusx-official/100-days-of-machine-learning · GitHub - Google Chrome","N/A","4.0"
"2025-04-06 16:01:04","2025-04-06 16:01:21","Google Chrome","Multiple_Linear_regression.ipynb - Colab - Google Chrome","N/A","17.02"
"2025-04-06 16:01:21","2025-04-06 16:01:26","Google Chrome","Open","N/A","5.0"
"2025-04-06 16:01:26","2025-04-06 16:01:28","Google Chrome","Multiple_Linear_regression.ipynb - Colab - Google Chrome","N/A","2.0"
"2025-04-06 16:01:28","2025-04-06 16:01:31","Google Chrome","Leave site?","N/A","3.0"
"2025-04-06 16:01:31","2025-04-06 16:01:32","Google Chrome","Multiple_Linear_regression.ipynb - Colab - Google Chrome","N/A","1.0"
"2025-04-06 16:01:32","2025-04-06 16:01:35","Google Chrome","Google Colab - Google Chrome","N/A","3.0"
"2025-04-06 16:01:35","2025-04-06 16:02:21","Google Chrome","multiple_linear_regression.ipynb - Colab - Google Chrome","N/A","46.05"
"2025-04-06 16:02:21","2025-04-06 16:02:33","Google Chrome","(18) Multiple Linear Regression | Geometric Intuition & Code - YouTube - Google Chrome","N/A","12.02"
"2025-04-06 16:02:33","2025-04-06 16:02:54","Google Chrome","multiple_linear_regression.ipynb - Colab - Google Chrome","N/A","21.03"
"2025-04-06 16:02:54","2025-04-06 16:02:58","Google Chrome","(18) Multiple Linear Regression | Geometric Intuition & Code - YouTube - Google Chrome","N/A","4.0"
"2025-04-06 16:02:58","2025-04-06 16:05:30","Google Chrome","multiple_linear_regression.ipynb - Colab - Google Chrome","N/A","152.17"
"2025-04-06 16:05:30","2025-04-06 16:11:07","Google Chrome","(18) Multiple Linear Regression | Part 2 | Mathematical Formulation From Scratch - YouTube - Google Chrome","N/A","337.31"
"2025-04-06 16:11:07","2025-04-06 16:12:02","Unknown","Unknown","N/A","54.15"
"2025-04-06 16:12:02","2025-04-06 16:12:07","LockApp.exe","Windows Default Lock Screen","N/A","5.0"
"2025-04-06 16:12:07","2025-04-06 16:12:08","Unknown","Unknown","N/A","1.0"
"2025-04-06 16:12:08","2025-04-06 16:25:03","Google Chrome","(18) Multiple Linear Regression | Part 2 | Mathematical Formulation From Scratch - YouTube - Google Chrome","N/A","775.86"
"2025-04-06 16:25:03","2025-04-06 17:01:36","Google Chrome","(19) Multiple Linear Regression | Part 2 | Mathematical Formulation From Scratch - YouTube - Google Chrome","N/A","2192.33"
"2025-04-06 17:01:36","2025-04-06 17:01:58","Google Chrome","(19) Multiple Linear Regression | Part 3 | Code From Scratch - YouTube - Google Chrome","N/A","22.02"
"2025-04-06 18:28:58","2025-04-06 18:28:59","python.exe","Smart Screen Monitor","N/A","1.0"
"2025-04-06 18:28:59","2025-04-06 18:29:01","python.exe","Started","N/A","2.0"
"2025-04-06 18:29:01","2025-04-06 18:29:03","python.exe","Smart Screen Monitor","N/A","2.0"
"2025-04-06 18:29:03","2025-04-06 18:29:08","VS Code","main.py - most_updated - Visual Studio Code","N/A","5.01"
"2025-04-06 18:29:08","2025-04-06 18:29:20","Google Chrome","(19) Multiple Linear Regression | Part 3 | Code From Scratch - YouTube - Google Chrome","N/A","12.01"
"2025-04-06 18:29:20","2025-04-06 18:29:22","Google Chrome","New Tab - Google Chrome","N/A","2.0"
"2025-04-06 18:29:22","2025-04-06 18:29:33","Google Chrome","www.google.com - Google Chrome","N/A","11.02"
"2025-04-06 18:29:33","2025-04-06 18:29:36","ShellHost.exe","Quick settings","N/A","3.0"
"2025-04-06 18:29:36","2025-04-06 18:29:38","Google Chrome","www.google.com - Google Chrome","N/A","2.0"
"2025-04-06 18:29:38","2025-04-06 18:29:47","ShellHost.exe","Quick settings","N/A","9.04"
"2025-04-06 18:29:47","2025-04-06 18:29:48","Google Chrome","www.google.com - Google Chrome","N/A","1.0"
"2025-04-06 18:29:48","2025-04-06 18:29:53","Google Chrome","collab - Google Search - Google Chrome","N/A","5.02"
"2025-04-06 18:29:53","2025-04-06 18:29:57","Google Chrome","Google Colab - Google Chrome","N/A","4.01"
"2025-04-06 18:29:57","2025-04-06 18:30:14","Google Chrome","(19) Multiple Linear Regression | Part 3 | Code From Scratch - YouTube - Google Chrome","N/A","17.01"
"2025-04-06 18:30:14","2025-04-06 18:30:29","Google Chrome","Welcome To Colab - Colab - Google Chrome","N/A","15.02"
"2025-04-06 18:30:29","2025-04-06 18:30:30","Google Chrome","Untitled - Google Chrome","N/A","1.0"
"2025-04-06 18:30:30","2025-04-06 18:30:32","Google Chrome","Welcome To Colab - Colab - Google Chrome","N/A","2.0"
"2025-04-06 18:30:32","2025-04-06 18:30:34","Google Chrome","Leave site?","N/A","2.0"
"2025-04-06 18:30:34","2025-04-06 18:30:35","Google Chrome","Google Colab - Google Chrome","N/A","1.0"
"2025-04-06 18:30:35","2025-04-06 18:30:40","Google Chrome","(19) Multiple Linear Regression | Part 3 | Code From Scratch - YouTube - Google Chrome","N/A","5.01"
"2025-04-06 18:30:40","2025-04-06 18:30:43","python.exe","Smart Screen Monitor","N/A","3.0"
"2025-04-06 18:30:43","2025-04-06 18:30:45","Google Chrome","(19) Multiple Linear Regression | Part 3 | Code From Scratch - YouTube - Google Chrome","N/A","2.0"
"2025-04-06 18:30:45","2025-04-06 18:30:46","VS Code","main.py - most_updated - Visual Studio Code","N/A","1.0"
"2025-04-06 18:30:46","2025-04-06 18:30:53","Google Chrome","(19) Multiple Linear Regression | Part 3 | Code From Scratch - YouTube - Google Chrome","N/A","7.01"
"2025-04-06 18:30:53","2025-04-06 18:31:06","Google Chrome","Untitled27.ipynb - Colab - Google Chrome","N/A","13.01"
"2025-04-06 18:31:06","2025-04-06 18:31:11","Google Chrome","(19) Multiple Linear Regression | Part 3 | Code From Scratch - YouTube - Google Chrome","N/A","5.0"
"2025-04-06 18:31:11","2025-04-06 18:32:25","Google Chrome",".ipynb - Colab - Google Chrome","N/A","74.13"
"2025-04-06 18:32:25","2025-04-06 18:32:33","Google Chrome","(19) Multiple Linear Regression | Part 3 | Code From Scratch - YouTube - Google Chrome","N/A","8.01"
"2025-04-06 18:32:33","2025-04-06 18:32:38","Google Chrome","Multiple_Linear_Regression(.ipynb - Colab - Google Chrome","N/A","5.01"
"2025-04-06 18:32:38","2025-04-06 18:33:00","Google Chrome","Multiple_Linear_Regression(55).ipynb - Colab - Google Chrome","N/A","22.04"
"2025-04-06 18:33:00","2025-04-06 18:35:59","Google Chrome","(19) Multiple Linear Regression | Part 3 | Code From Scratch - YouTube - Google Chrome","N/A","179.25"
"2025-04-06 18:35:59","2025-04-06 18:36:06","Google Chrome","100-days-of-machine-learning/day50-multiple-linear-regression/multiple_linear_regression.ipynb at main · campusx-official/100-days-of-machine-learning · GitHub - Google Chrome","N/A","7.01"
"2025-04-06 18:36:06","2025-04-06 18:36:13","Google Chrome","100-days-of-machine-learning/day50-multiple-linear-regression at main · campusx-official/100-days-of-machine-learning · GitHub - Google Chrome","N/A","7.01"
"2025-04-06 18:36:13","2025-04-06 18:36:23","Google Chrome","GitHub - campusx-official/100-days-of-machine-learning - Google Chrome","N/A","10.02"
"2025-04-06 18:36:23","2025-04-06 18:36:27","Google Chrome","100-days-of-machine-learning/day50-multiple-linear-regression at main · campusx-official/100-days-of-machine-learning · GitHub - Google Chrome","N/A","4.01"
"2025-04-06 18:36:27","2025-04-06 18:36:38","Google Chrome","(19) Multiple Linear Regression | Part 3 | Code From Scratch - YouTube - Google Chrome","N/A","11.01"
"2025-04-06 18:36:38","2025-04-06 18:36:41","Google Chrome","100-days-of-machine-learning/day50-multiple-linear-regression at main · campusx-official/100-days-of-machine-learning · GitHub - Google Chrome","N/A","3.0"
"2025-04-06 18:36:41","2025-04-06 18:36:55","Google Chrome","100-days-of-machine-learning/day50-multiple-linear-regression/code-from-scratch.ipynb at main · campusx-official/100-days-of-machine-learning · GitHub - Google Chrome","N/A","14.02"
"2025-04-06 18:36:55","2025-04-06 18:37:00","Google Chrome","Multiple_Linear_Regression(55).ipynb - Colab - Google Chrome","N/A","5.01"
"2025-04-06 18:37:00","2025-04-06 18:37:04","Google Chrome","Open","N/A","4.0"
"2025-04-06 18:37:04","2025-04-06 18:37:07","Google Chrome","Multiple_Linear_Regression(55).ipynb - Colab - Google Chrome","N/A","3.0"
"2025-04-06 18:37:07","2025-04-06 18:37:13","Google Chrome","100-days-of-machine-learning/day50-multiple-linear-regression/code-from-scratch.ipynb at main · campusx-official/100-days-of-machine-learning · GitHub - Google Chrome","N/A","5.01"
"2025-04-06 18:37:13","2025-04-06 18:37:15","Google Chrome","(19) Multiple Linear Regression | Part 3 | Code From Scratch - YouTube - Google Chrome","N/A","2.0"
"2025-04-06 18:37:15","2025-04-06 18:38:06","Google Chrome","code-from-scratch.ipynb - Colab - Google Chrome","N/A","51.09"
"2025-04-06 18:38:06","2025-04-06 18:38:11","Google Chrome","(19) Multiple Linear Regression | Part 3 | Code From Scratch - YouTube - Google Chrome","N/A","5.01"
"2025-04-06 18:38:11","2025-04-06 18:38:32","Google Chrome","Multiple_Linear_Regression(55).ipynb - Colab - Google Chrome","N/A","21.02"
"2025-04-06 18:38:32","2025-04-06 18:38:52","Google Chrome","(19) Multiple Linear Regression | Part 3 | Code From Scratch - YouTube - Google Chrome","N/A","20.02"
"2025-04-06 18:38:52","2025-04-06 18:38:56","Google Chrome","Multiple_Linear_Regression(55).ipynb - Colab - Google Chrome","N/A","4.02"
"2025-04-06 18:38:56","2025-04-06 18:39:01","Google Chrome","(19) Multiple Linear Regression | Part 3 | Code From Scratch - YouTube - Google Chrome","N/A","5.01"
"2025-04-06 18:39:01","2025-04-06 18:40:43","Google Chrome","Multiple_Linear_Regression(55).ipynb - Colab - Google Chrome","N/A","102.11"
"2025-04-06 18:40:43","2025-04-06 18:41:27","Google Chrome","(19) Multiple Linear Regression | Part 3 | Code From Scratch - YouTube - Google Chrome","N/A","44.04"
"2025-04-06 18:41:27","2025-04-06 18:42:13","Google Chrome","Multiple_Linear_Regression(55).ipynb - Colab - Google Chrome","N/A","46.04"
"2025-04-06 18:42:13","2025-04-06 18:42:23","Google Chrome","(19) Multiple Linear Regression | Part 3 | Code From Scratch - YouTube - Google Chrome","N/A","10.01"
"2025-04-06 18:42:23","2025-04-06 18:42:30","Google Chrome","(19) Gradient Descent From Scratch | End to End Gradient Descent | Gradient Descent Animation - YouTube - Google Chrome","N/A","7.01"
"2025-04-06 18:42:30","2025-04-06 18:42:32","Google Chrome","Multiple_Linear_Regression(55).ipynb - Colab - Google Chrome","N/A","2.01"
"2025-04-06 18:42:32","2025-04-06 18:42:33","Google Chrome","Untitled - Google Chrome","N/A","1.0"
"2025-04-06 18:42:33","2025-04-06 18:42:37","Google Chrome","Google Colab - Google Chrome","N/A","4.0"
"2025-04-06 18:42:37","2025-04-06 18:42:42","Google Chrome","(19) Gradient Descent From Scratch | End to End Gradient Descent | Gradient Descent Animation - YouTube - Google Chrome","N/A","5.01"
"2025-04-06 18:42:42","2025-04-06 18:43:07","Google Chrome","Untitled27.ipynb - Colab - Google Chrome","N/A","25.03"
"2025-04-06 18:43:07","2025-04-06 18:43:31","Google Chrome","Gradient_descent(56).ipynb - Colab - Google Chrome","N/A","24.03"
"2025-04-06 18:43:31","2025-04-06 19:17:25","Google Chrome","(19) Gradient Descent From Scratch | End to End Gradient Descent | Gradient Descent Animation - YouTube - Google Chrome","N/A","2034.13"
"2025-04-06 19:17:25","2025-04-06 19:17:29","CMediaAudioControlPanel.exe","C-Media Audio Control Panel","N/A","4.0"
"2025-04-06 19:17:29","2025-04-06 19:25:43","Google Chrome","(19) Gradient Descent From Scratch | End to End Gradient Descent | Gradient Descent Animation - YouTube - Google Chrome","N/A","493.44"
"2025-04-06 19:25:43","2025-04-06 19:28:58","Google Chrome","Gradient_descent(56).ipynb - Colab - Google Chrome","N/A","195.21"
"2025-04-06 19:28:58","2025-04-06 19:29:13","Google Chrome","(19) Gradient Descent From Scratch | End to End Gradient Descent | Gradient Descent Animation - YouTube - Google Chrome","N/A","15.01"
"2025-04-06 19:29:13","2025-04-06 19:29:23","Google Chrome","Gradient_descent(56).ipynb - Colab - Google Chrome","N/A","10.01"
"2025-04-06 19:29:23","2025-04-06 19:29:24","Google Chrome","(19) Gradient Descent From Scratch | End to End Gradient Descent | Gradient Descent Animation - YouTube - Google Chrome","N/A","1.0"
"2025-04-06 19:29:24","2025-04-06 19:30:28","Google Chrome","Gradient_descent(56).ipynb - Colab - Google Chrome","N/A","64.05"
"2025-04-06 19:30:28","2025-04-06 19:30:35","Google Chrome","(19) Gradient Descent From Scratch | End to End Gradient Descent | Gradient Descent Animation - YouTube - Google Chrome","N/A","7.01"
"2025-04-06 19:30:35","2025-04-06 19:30:51","Google Chrome","Gradient_descent(56).ipynb - Colab - Google Chrome","N/A","16.01"
"2025-04-06 19:30:51","2025-04-06 19:30:55","Google Chrome","(19) Gradient Descent From Scratch | End to End Gradient Descent | Gradient Descent Animation - YouTube - Google Chrome","N/A","4.0"
"2025-04-06 19:30:55","2025-04-06 19:30:59","Google Chrome","Gradient_descent(56).ipynb - Colab - Google Chrome","N/A","4.0"
"2025-04-06 19:30:59","2025-04-06 19:31:00","Google Chrome","(19) Gradient Descent From Scratch | End to End Gradient Descent | Gradient Descent Animation - YouTube - Google Chrome","N/A","1.0"
"2025-04-06 19:31:00","2025-04-06 19:31:06","Google Chrome","Gradient_descent(56).ipynb - Colab - Google Chrome","N/A","6.01"
"2025-04-06 19:31:06","2025-04-06 19:31:07","Google Chrome","(19) Gradient Descent From Scratch | End to End Gradient Descent | Gradient Descent Animation - YouTube - Google Chrome","N/A","1.0"
"2025-04-06 19:31:07","2025-04-06 19:32:04","Google Chrome","Gradient_descent(56).ipynb - Colab - Google Chrome","N/A","57.05"
"2025-04-06 19:32:04","2025-04-06 19:32:07","Google Chrome","(19) Gradient Descent From Scratch | End to End Gradient Descent | Gradient Descent Animation - YouTube - Google Chrome","N/A","3.0"
"2025-04-06 19:32:07","2025-04-06 19:32:32","Google Chrome","Gradient_descent(56).ipynb - Colab - Google Chrome","N/A","25.02"
"2025-04-06 19:32:32","2025-04-06 19:32:34","Google Chrome","(19) Gradient Descent From Scratch | End to End Gradient Descent | Gradient Descent Animation - YouTube - Google Chrome","N/A","2.0"
"2025-04-06 19:32:34","2025-04-06 19:33:41","Google Chrome","Gradient_descent(56).ipynb - Colab - Google Chrome","N/A","67.07"
"2025-04-06 19:33:41","2025-04-06 19:33:42","Google Chrome","(19) Gradient Descent From Scratch | End to End Gradient Descent | Gradient Descent Animation - YouTube - Google Chrome","N/A","1.0"
"2025-04-06 19:33:42","2025-04-06 19:33:59","Google Chrome","Gradient_descent(56).ipynb - Colab - Google Chrome","N/A","17.01"
"2025-04-06 19:33:59","2025-04-06 19:34:00","Google Chrome","(19) Gradient Descent From Scratch | End to End Gradient Descent | Gradient Descent Animation - YouTube - Google Chrome","N/A","1.0"
"2025-04-06 19:34:00","2025-04-06 19:35:25","Google Chrome","Gradient_descent(56).ipynb - Colab - Google Chrome","N/A","85.08"
"2025-04-06 19:35:25","2025-04-06 19:35:56","Google Chrome","(19) Gradient Descent From Scratch | End to End Gradient Descent | Gradient Descent Animation - YouTube - Google Chrome","N/A","31.03"
"2025-04-06 19:35:56","2025-04-06 19:36:20","Google Chrome","Gradient_descent(56).ipynb - Colab - Google Chrome","N/A","24.02"
"2025-04-06 19:36:20","2025-04-06 19:36:24","Google Chrome","(19) Gradient Descent From Scratch | End to End Gradient Descent | Gradient Descent Animation - YouTube - Google Chrome","N/A","4.0"
"2025-04-06 19:36:24","2025-04-06 19:37:35","Google Chrome","Gradient_descent(56).ipynb - Colab - Google Chrome","N/A","71.07"
"2025-04-06 19:37:35","2025-04-06 19:39:02","Google Chrome","(19) Gradient Descent From Scratch | End to End Gradient Descent | Gradient Descent Animation - YouTube - Google Chrome","N/A","87.08"
"2025-04-06 19:39:02","2025-04-06 19:39:43","Google Chrome","Gradient_descent(56).ipynb - Colab - Google Chrome","N/A","41.05"
"2025-04-06 19:39:43","2025-04-06 19:40:20","Google Chrome","(19) Gradient Descent From Scratch | End to End Gradient Descent | Gradient Descent Animation - YouTube - Google Chrome","N/A","37.03"
"2025-04-06 19:40:20","2025-04-06 19:43:04","Google Chrome","Gradient_descent(56).ipynb - Colab - Google Chrome","N/A","163.16"
"2025-04-06 19:43:04","2025-04-06 19:43:13","Google Chrome","(19) Gradient Descent From Scratch | End to End Gradient Descent | Gradient Descent Animation - YouTube - Google Chrome","N/A","9.01"
"2025-04-06 19:43:13","2025-04-06 19:43:31","Google Chrome","Gradient_descent(56).ipynb - Colab - Google Chrome","N/A","18.02"
"2025-04-06 19:43:31","2025-04-06 19:43:39","Google Chrome","(19) Gradient Descent From Scratch | End to End Gradient Descent | Gradient Descent Animation - YouTube - Google Chrome","N/A","8.01"
"2025-04-06 19:43:39","2025-04-06 19:44:12","Google Chrome","Gradient_descent(56).ipynb - Colab - Google Chrome","N/A","33.03"
"2025-04-06 19:44:12","2025-04-06 19:45:14","ApplicationFrameHost.exe","WhatsApp","N/A","62.06"
"2025-04-06 19:45:14","2025-04-06 19:45:17","Google Chrome","Gradient_descent(56).ipynb - Colab - Google Chrome","N/A","3.01"
"2025-04-06 19:45:17","2025-04-06 19:45:22","Google Chrome","(19) Gradient Descent From Scratch | End to End Gradient Descent | Gradient Descent Animation - YouTube - Google Chrome","N/A","5.01"
"2025-04-06 19:45:22","2025-04-06 19:45:25","Google Chrome","Gradient_descent(56).ipynb - Colab - Google Chrome","N/A","3.0"
"2025-04-06 19:45:25","2025-04-06 19:45:39","Google Chrome","(19) Gradient Descent From Scratch | End to End Gradient Descent | Gradient Descent Animation - YouTube - Google Chrome","N/A","14.01"
"2025-04-06 19:45:39","2025-04-06 19:48:37","Google Chrome","Gradient_descent(56).ipynb - Colab - Google Chrome","N/A","178.17"
"2025-04-06 19:48:37","2025-04-06 19:48:56","Google Chrome","(19) Gradient Descent From Scratch | End to End Gradient Descent | Gradient Descent Animation - YouTube - Google Chrome","N/A","19.01"
"2025-04-06 19:48:56","2025-04-06 19:49:01","Google Chrome","Gradient_descent(56).ipynb - Colab - Google Chrome","N/A","5.0"
"2025-04-06 19:49:01","2025-04-06 19:49:12","Google Chrome","(19) Gradient Descent From Scratch | End to End Gradient Descent | Gradient Descent Animation - YouTube - Google Chrome","N/A","11.01"
"2025-04-06 19:49:12","2025-04-06 19:49:46","Google Chrome","Gradient_descent(56).ipynb - Colab - Google Chrome","N/A","34.03"
"2025-04-06 19:49:46","2025-04-06 19:50:21","ShellHost.exe","Quick settings","N/A","35.03"
"2025-04-06 19:50:21","2025-04-06 19:52:06","Google Chrome","Gradient_descent(56).ipynb - Colab - Google Chrome","N/A","105.09"
"2025-04-06 19:52:06","2025-04-06 19:52:11","Google Chrome","100-days-of-machine-learning/day50-multiple-linear-regression/code-from-scratch.ipynb at main · campusx-official/100-days-of-machine-learning · GitHub - Google Chrome","N/A","5.01"
"2025-04-06 19:52:11","2025-04-06 19:52:13","Google Chrome","100-days-of-machine-learning/day50-multiple-linear-regression at main · campusx-official/100-days-of-machine-learning · GitHub - Google Chrome","N/A","2.0"
"2025-04-06 19:52:13","2025-04-06 19:52:20","Google Chrome","GitHub - campusx-official/100-days-of-machine-learning - Google Chrome","N/A","7.0"
"2025-04-06 19:52:20","2025-04-06 19:52:26","Google Chrome","100-days-of-machine-learning/day51-gradient-descent at main · campusx-official/100-days-of-machine-learning · GitHub - Google Chrome","N/A","6.0"
"2025-04-06 19:52:26","2025-04-06 19:52:29","Google Chrome","(19) Gradient Descent From Scratch | End to End Gradient Descent | Gradient Descent Animation - YouTube - Google Chrome","N/A","3.0"
"2025-04-06 19:52:29","2025-04-06 19:52:34","Google Chrome","100-days-of-machine-learning/day51-gradient-descent at main · campusx-official/100-days-of-machine-learning · GitHub - Google Chrome","N/A","5.0"
"2025-04-06 19:52:34","2025-04-06 19:52:46","Google Chrome","100-days-of-machine-learning/day51-gradient-descent/gradient_descent_step_by_step.ipynb at main · campusx-official/100-days-of-machine-learning · GitHub - Google Chrome","N/A","12.01"
"2025-04-06 19:52:46","2025-04-06 19:52:59","Google Chrome","Gradient_descent(56).ipynb - Colab - Google Chrome","N/A","13.01"
"2025-04-06 19:52:59","2025-04-06 19:53:03","Google Chrome","100-days-of-machine-learning/day51-gradient-descent/gradient_descent_step_by_step.ipynb at main · campusx-official/100-days-of-machine-learning · GitHub - Google Chrome","N/A","4.0"
"2025-04-06 19:53:03","2025-04-06 19:53:09","Google Chrome","Gradient_descent(56).ipynb - Colab - Google Chrome","N/A","6.01"
"2025-04-06 19:53:09","2025-04-06 19:53:13","Google Chrome","Open","N/A","4.0"
"2025-04-06 19:53:13","2025-04-06 19:53:18","Google Chrome","Gradient_descent(56).ipynb - Colab - Google Chrome","N/A","5.0"
"2025-04-06 19:53:18","2025-04-06 19:53:20","Google Chrome","Leave site?","N/A","2.0"
"2025-04-06 19:53:20","2025-04-06 19:53:24","Google Chrome","Gradient_descent(56).ipynb - Colab - Google Chrome","N/A","4.0"
"2025-04-06 19:53:24","2025-04-06 19:54:02","Google Chrome","(19) Gradient Descent From Scratch | End to End Gradient Descent | Gradient Descent Animation - YouTube - Google Chrome","N/A","38.03"
"2025-04-06 19:54:02","2025-04-06 19:54:08","Google Chrome","Gradient_descent(56).ipynb - Colab - Google Chrome","N/A","6.0"
"2025-04-06 19:54:08","2025-04-06 19:54:10","Google Chrome","Open","N/A","2.0"
"2025-04-06 19:54:10","2025-04-06 19:54:14","Google Chrome","Gradient_descent(56).ipynb - Colab - Google Chrome","N/A","4.0"
"2025-04-06 19:54:14","2025-04-06 19:54:25","Google Chrome","(19) Gradient Descent From Scratch | End to End Gradient Descent | Gradient Descent Animation - YouTube - Google Chrome","N/A","11.01"
"2025-04-06 19:54:25","2025-04-06 19:55:11","Google Chrome","gradient_descent_step_by_step.ipynb - Colab - Google Chrome","N/A","46.04"
"2025-04-06 19:55:11","2025-04-06 19:55:19","Google Chrome","(19) Gradient Descent From Scratch | End to End Gradient Descent | Gradient Descent Animation - YouTube - Google Chrome","N/A","8.01"
"2025-04-06 19:55:19","2025-04-06 19:55:46","Google Chrome","gradient_descent_step_by_step.ipynb - Colab - Google Chrome","N/A","27.03"
"2025-04-06 19:55:46","2025-04-06 19:56:12","Google Chrome","(19) Gradient Descent From Scratch | End to End Gradient Descent | Gradient Descent Animation - YouTube - Google Chrome","N/A","26.02"
"2025-04-06 19:56:12","2025-04-06 19:57:44","Google Chrome","gradient_descent_step_by_step.ipynb - Colab - Google Chrome","N/A","92.09"
"2025-04-06 19:57:44","2025-04-06 19:57:46","python.exe","Smart Screen Monitor","N/A","2.0"
"2025-04-06 19:57:46","2025-04-06 20:00:07","Google Chrome","gradient_descent_step_by_step.ipynb - Colab - Google Chrome","N/A","141.12"
"2025-04-06 20:00:07","2025-04-06 20:01:33","Google Chrome","(19) Gradient Descent From Scratch | End to End Gradient Descent | Gradient Descent Animation - YouTube - Google Chrome","N/A","85.06"
"2025-04-06 20:01:33","2025-04-06 20:01:55","Google Chrome","(19) Dash basic introduction | Week 9 | DSMP - YouTube - Google Chrome","N/A","22.02"
"2025-04-06 20:01:55","2025-04-06 20:02:02","Google Chrome","(19) Gradient Descent From Scratch | End to End Gradient Descent | Gradient Descent Animation - YouTube - Google Chrome","N/A","7.01"
"2025-04-07 11:11:10","2025-04-07 11:11:11","python.exe","Smart Screen Monitor","N/A","1.0"
"2025-04-07 11:11:11","2025-04-07 11:11:12","python.exe","Started","N/A","1.0"
"2025-04-07 11:11:12","2025-04-07 11:11:13","python.exe","Smart Screen Monitor","N/A","1.0"
"2025-04-07 11:11:13","2025-04-07 11:11:16","VS Code","user_goals.json - most_updated - Visual Studio Code","N/A","3.02"
"2025-04-07 11:11:16","2025-04-07 11:11:19","python.exe","Smart Screen Monitor","N/A","3.0"
"2025-04-07 11:11:19","2025-04-07 11:11:20","VS Code","user_goals.json - most_updated - Visual Studio Code","N/A","1.0"
"2025-04-07 11:11:21","2025-04-07 11:11:27","Google Chrome","Google Chrome","N/A","6.0"
"2025-04-07 11:11:28","2025-04-07 11:11:42","ShellHost.exe","Quick settings","N/A","14.03"
"2025-04-07 11:11:42","2025-04-07 11:11:52","Microsoft Edge","Welcome to VIIT Campus - Personal - Microsoft​ Edge","N/A","10.01"
"2025-04-07 11:11:52","2025-04-07 11:11:53","Microsoft Edge","Untitled and 1 more page - Personal - Microsoft​ Edge","N/A","1.0"
"2025-04-07 11:11:53","2025-04-07 11:11:54","Microsoft Edge","www.msn.com and 1 more page - Personal - Microsoft​ Edge","N/A","1.0"
"2025-04-07 11:11:54","2025-04-07 11:11:55","Microsoft Edge","MSN and 1 more page - Personal - Microsoft​ Edge","N/A","1.0"
"2025-04-07 11:11:55","2025-04-07 11:11:58","Microsoft Edge","MSN India | Breaking News, Entertainment, Latest Videos, Outlook and 1 more page - Personal - Microsoft​ Edge","N/A","3.0"
"2025-04-07 11:11:58","2025-04-07 11:12:02","Google Chrome","Google Chrome","N/A","4.01"
"2025-04-07 11:12:02","2025-04-07 11:12:07","Google Chrome","New Tab - Google Chrome","N/A","5.0"
"2025-04-07 11:12:07","2025-04-07 11:12:13","Google Chrome","YouTube - Google Chrome","N/A","6.01"
"2025-04-07 11:12:13","2025-04-07 11:12:15","Google Chrome","(20) YouTube - Google Chrome","N/A","2.01"
"2025-04-07 11:12:15","2025-04-07 11:12:18","Google Chrome","(20) DSA arrays - YouTube - Google Chrome","N/A","3.0"
"2025-04-07 11:12:18","2025-04-07 11:12:40","Google Chrome","(20) Array Data Structure - Part1 | DSA Series by Shradha Khapra Ma'am | C++ - YouTube - Google Chrome","N/A","22.03"
"2025-04-07 11:12:40","2025-04-07 11:12:46","Google Chrome","New Tab - Google Chrome","N/A","6.01"
"2025-04-07 11:12:46","2025-04-07 11:12:49","Google Chrome","colab - Google Chrome","N/A","3.0"
"2025-04-07 11:12:49","2025-04-07 11:12:55","Google Chrome","New Tab - Google Chrome","N/A","6.01"
"2025-04-07 11:12:55","2025-04-07 11:13:00","Google Chrome","google colab - Google Search - Google Chrome","N/A","5.01"
"2025-04-07 11:13:00","2025-04-07 11:13:01","Google Chrome","Google Colab - Google Chrome","N/A","1.0"
"2025-04-07 11:13:01","2025-04-07 11:13:05","Google Chrome","Welcome To Colab - Colab - Google Chrome","N/A","4.0"
"2025-04-07 11:13:05","2025-04-07 11:13:09","Google Chrome","Google Colab - Google Chrome","N/A","4.01"
"2025-04-07 11:13:09","2025-04-07 11:13:15","Google Chrome","gradient-descent-code-from-scratch.ipynb - Colab - Google Chrome","N/A","6.01"
"2025-04-07 11:13:15","2025-04-07 11:13:22","Google Chrome","New Tab - Google Chrome","N/A","7.01"
"2025-04-07 11:13:22","2025-04-07 11:13:28","Google Chrome","DP research Paper - Google Search - Google Chrome","N/A","6.01"
"2025-04-07 11:13:28","2025-04-07 11:13:30","Google Chrome","google doscs - Google Search - Google Chrome","N/A","2.0"
"2025-04-07 11:13:30","2025-04-07 11:13:44","Google Chrome","Untitled document - Google Docs - Google Chrome","N/A","14.01"
"2025-04-07 11:13:44","2025-04-07 11:14:03","Google Chrome","DP research paper.docx - Google Docs - Google Chrome","N/A","19.03"
"2025-04-07 11:14:03","2025-04-07 11:14:04","Google Chrome","gradient-descent-code-from-scratch.ipynb - Colab - Google Chrome","N/A","1.0"
"2025-04-07 11:14:04","2025-04-07 11:14:06","VS Code","user_goals.json - most_updated - Visual Studio Code","N/A","2.0"
"2025-04-08 00:45:38","2025-04-08 00:45:39","python.exe","Smart Screen Monitor","N/A","1.0"
"2025-04-08 00:45:39","2025-04-08 00:45:40","python.exe","Started","N/A","1.0"
"2025-04-08 00:45:40","2025-04-08 00:45:42","VS Code","main.py - most_updated - Visual Studio Code","N/A","2.0"
"2025-04-08 00:45:42","2025-04-08 00:45:43","ChatGPT.exe","Analyzed Activity Log Summary","N/A","1.0"
"2025-04-08 00:45:43","2025-04-08 00:45:44","VS Code","main.py - most_updated - Visual Studio Code","N/A","1.0"
"2025-04-08 00:45:45","2025-04-08 00:45:46","Google Chrome","Google Chrome","N/A","1.0"
"2025-04-08 00:45:46","2025-04-08 00:45:48","Google Chrome","New Tab - Google Chrome","N/A","2.0"
"2025-04-08 00:45:48","2025-04-08 00:45:51","Google Chrome","YouTube - Google Chrome","N/A","3.0"
"2025-04-08 00:45:51","2025-04-08 00:45:54","Google Chrome","(20) YouTube - Google Chrome","N/A","3.0"
"2025-04-08 00:45:54","2025-04-08 00:46:04","Google Chrome","(20) Array Data Structure - Part1 | DSA Series by Shradha Khapra Ma'am | C++ - YouTube - Google Chrome","N/A","10.01"
"2025-04-08 01:14:46","2025-04-08 01:14:47","python.exe","Smart Screen Monitor","N/A","1.0"
"2025-04-08 01:14:47","2025-04-08 01:14:48","python.exe","Started","N/A","1.0"
"2025-04-08 01:14:48","2025-04-08 01:14:52","python.exe","Smart Screen Monitor","N/A","4.0"
"2025-04-08 01:14:52","2025-04-08 01:14:53","VS Code","main.py - most_updated - Visual Studio Code","N/A","1.0"
"2025-04-08 01:14:55","2025-04-08 01:14:58","Google Chrome","Google Chrome","N/A","3.0"
"2025-04-08 01:14:58","2025-04-08 01:15:01","Google Chrome","New Tab - Google Chrome","N/A","3.0"
"2025-04-08 01:15:01","2025-04-08 01:15:06","python.exe","Smart Screen Monitor","N/A","5.01"
"2025-04-08 01:15:06","2025-04-08 01:15:10","Google Chrome","New Tab - Google Chrome","N/A","4.0"
"2025-04-08 01:15:10","2025-04-08 01:15:13","Google Chrome","code help - Google Search - Google Chrome","N/A","3.0"
"2025-04-08 01:15:13","2025-04-08 01:15:24","Google Chrome","Home - CodeHelp - Google Chrome","N/A","11.01"
"2025-04-08 01:15:24","2025-04-08 01:15:31","Google Chrome","New Tab - Google Chrome","N/A","7.01"
"2025-04-08 01:15:31","2025-04-08 01:15:35","Google Chrome","100 days of ML - Google Search - Google Chrome","N/A","4.0"
"2025-04-08 01:15:35","2025-04-08 01:15:37","Google Chrome","Home - CodeHelp - Google Chrome","N/A","2.0"
"2025-04-08 01:15:37","2025-04-08 01:15:39","Google Chrome","New Tab - Google Chrome","N/A","2.0"
"2025-04-08 01:15:39","2025-04-08 01:15:41","Google Chrome","YouTube - Google Chrome","N/A","2.0"
"2025-04-08 01:15:41","2025-04-08 01:15:49","Google Chrome","(20) YouTube - Google Chrome","N/A","8.01"
"2025-04-08 01:15:49","2025-04-08 01:15:52","Google Chrome","(20) 100 days of ml - YouTube - Google Chrome","N/A","3.0"
"2025-04-08 01:15:52","2025-04-08 01:15:53","Google Chrome","(20) YouTube - Google Chrome","N/A","1.0"
"2025-04-08 01:15:53","2025-04-08 01:16:21","Google Chrome","(20) What is Machine Learning? | 100 Days of Machine Learning - YouTube - Google Chrome","N/A","28.03"
"2025-04-08 01:16:21","2025-04-08 01:16:25","Google Chrome","(20) Batch Gradient Descent with Code Demo | Simple Explanation in Hindi - YouTube - Google Chrome","N/A","4.0"
"2025-04-08 01:16:25","2025-04-08 01:16:48","Google Chrome","(20) Softmax Regression || Multinomial Logistic Regression || Logistic Regression Part 6 - YouTube - Google Chrome","N/A","23.04"
"2025-04-08 01:16:48","2025-04-08 01:16:51","Google Chrome","New Tab - Google Chrome","N/A","3.0"
"2025-04-08 01:16:51","2025-04-08 01:16:53","Google Chrome","YouTube - Google Chrome","N/A","2.0"
"2025-04-08 01:16:53","2025-04-08 01:17:00","Google Chrome","(20) YouTube - Google Chrome","N/A","7.01"
"2025-04-08 01:17:00","2025-04-08 01:17:04","Google Chrome","(20) Apna College - YouTube - Google Chrome","N/A","4.01"
"2025-04-08 01:17:04","2025-04-08 01:17:05","Google Chrome","(20) YouTube - Google Chrome","N/A","1.0"
"2025-04-08 01:17:05","2025-04-08 01:17:10","Google Chrome","(20) Lecture 1 : Flowchart & Pseudocode + Installation | DSA Series by Shradha Ma'am | C++ - YouTube - Google Chrome","N/A","5.0"
"2025-04-08 01:17:10","2025-04-08 01:17:37","Google Chrome","(20) Search in Rotated Sorted Array | Binary Search | Leetcode 33 - YouTube - Google Chrome","N/A","27.03"
"2025-04-08 01:17:37","2025-04-08 01:17:38","CMediaAudioControlPanel.exe","C-Media Audio Control Panel","N/A","1.0"
"2025-04-08 01:17:40","2025-04-08 01:17:41","python.exe","Smart Screen Monitor","N/A","1.0"
"2025-04-08 01:17:41","2025-04-08 01:17:42","VS Code","main.py - most_updated - Visual Studio Code","N/A","1.0"
"2025-04-08 12:08:06","2025-04-08 12:08:07","python.exe","Smart Screen Monitor","N/A","1.0"
"2025-04-08 12:08:07","2025-04-08 12:08:08","python.exe","Started","N/A","1.0"
"2025-04-08 12:08:08","2025-04-08 12:08:11","python.exe","Smart Screen Monitor","N/A","3.0"
"2025-04-08 12:08:11","2025-04-08 12:08:16","VS Code","main.py - most_updated - Visual Studio Code","N/A","5.01"
"2025-04-08 12:08:16","2025-04-08 12:08:27","VS Code","screen_activity_log.csv - most_updated - Visual Studio Code","N/A","11.01"
"2025-04-08 12:08:28","2025-04-08 12:08:31","Google Chrome","Google Chrome","N/A","3.0"
"2025-04-08 12:08:31","2025-04-08 12:08:33","Google Chrome","New Tab - Google Chrome","N/A","2.0"
"2025-04-08 12:08:33","2025-04-08 12:08:38","Google Chrome","YouTube - Google Chrome","N/A","5.0"
"2025-04-08 12:08:38","2025-04-08 12:08:43","Google Chrome","(21) YouTube - Google Chrome","N/A","5.0"
"2025-04-08 12:08:43","2025-04-08 12:08:48","Google Chrome","(21) Apna College - YouTube - Google Chrome","N/A","5.0"
"2025-04-08 12:08:48","2025-04-08 12:08:49","Google Chrome","(21) YouTube - Google Chrome","N/A","1.0"
"2025-04-08 12:08:49","2025-04-08 12:08:54","Google Chrome","(21) Lecture 1 : Flowchart & Pseudocode + Installation | DSA Series by Shradha Ma'am | C++ - YouTube - Google Chrome","N/A","5.0"
"2025-04-08 12:08:54","2025-04-08 12:09:13","Google Chrome","(21) Lecture 2 : Variable, Data Types & Operators | DSA Series by Shradha Ma'am | C++ - YouTube - Google Chrome","N/A","19.05"
"2025-04-08 12:09:13","2025-04-08 12:09:20","Google Chrome","New Tab - Google Chrome","N/A","7.01"
"2025-04-08 12:09:20","2025-04-08 12:09:24","Google Chrome","collab - Google Search - Google Chrome","N/A","4.0"
"2025-04-08 12:09:24","2025-04-08 12:09:26","Google Chrome","Google Colab - Google Chrome","N/A","2.0"
"2025-04-08 12:09:26","2025-04-08 12:09:31","Google Chrome","Welcome To Colab - Colab - Google Chrome","N/A","5.0"
"2025-04-08 12:09:31","2025-04-08 12:09:33","Google Chrome","Untitled - Google Chrome","N/A","2.0"
"2025-04-08 12:09:33","2025-04-08 12:09:42","Google Chrome","Google Colab - Google Chrome","N/A","9.01"
"2025-04-08 12:09:42","2025-04-08 12:09:43","Google Chrome","Untitled - Colab - Google Chrome","N/A","1.0"
"2025-04-08 12:09:43","2025-04-08 12:09:53","Google Chrome","Untitled28.ipynb - Colab - Google Chrome","N/A","10.01"
"2025-04-08 12:09:53","2025-04-08 12:09:55","Google Chrome","Leave site?","N/A","2.0"
"2025-04-08 12:09:55","2025-04-08 12:09:56","Google Chrome","Untitled28.ipynb - Colab - Google Chrome","N/A","1.0"
"2025-04-08 12:09:56","2025-04-08 12:10:01","Google Chrome","Google Colab - Google Chrome","N/A","5.01"
"2025-04-08 12:10:01","2025-04-08 12:10:07","Google Chrome","gradient-descent-code-from-scratch.ipynb - Colab - Google Chrome","N/A","6.0"
"2025-04-08 12:10:07","2025-04-08 12:10:11","Google Chrome","New Tab - Google Chrome","N/A","4.0"
"2025-04-08 12:10:11","2025-04-08 12:10:16","Google Chrome","google docs - Google Search - Google Chrome","N/A","5.0"
"2025-04-08 12:10:16","2025-04-08 12:10:19","Google Chrome","courcera - Google Search - Google Chrome","N/A","3.0"
"2025-04-08 12:10:19","2025-04-08 12:10:34","Google Chrome","Coursera Plus | Unlimited Access to 10,000+ Online Courses - Google Chrome","N/A","15.01"
"2025-04-08 12:10:34","2025-04-08 12:10:53","Google Chrome","Coursera | Online Courses From Top Universities. Join for Free - Google Chrome","N/A","19.02"
"2025-04-08 12:10:53","2025-04-08 12:10:55","Google Chrome","Untitled - Google Chrome","N/A","2.0"
"2025-04-08 12:10:55","2025-04-08 12:10:57","Google Chrome","Coursera | Online Courses From Top Universities. Join for Free - Google Chrome","N/A","2.0"
"2025-04-08 12:10:57","2025-04-08 12:10:58","Google Chrome","Build a Machine Learning Web App with Streamlit and Python - Home - Week week | Coursera - Google Chrome","N/A","1.0"
"2025-04-08 12:10:58","2025-04-08 12:11:01","Google Chrome","Build a Machine Learning Web App with Streamlit and Python - Home - Week 1 | Coursera - Google Chrome","N/A","3.0"
"2025-04-08 12:11:01","2025-04-08 12:11:08","Google Chrome","Build a Machine Learning Web App with Streamlit and Python - Build a Machine Learning Web App with Streamlit and Python - Week 1 | Coursera - Google Chrome","N/A","7.01"
"2025-04-08 12:11:08","2025-04-08 12:11:11","Google Chrome","Build a Machine Learning Web App with Streamlit and Python | Coursera - Google Chrome","N/A","3.0"
"2025-04-08 12:11:11","2025-04-08 12:11:12","Google Chrome","Untitled - Google Chrome","N/A","1.0"
"2025-04-08 12:11:12","2025-04-08 12:11:14","Google Chrome","Coursera | Online Courses From Top Universities. Join for Free - Google Chrome","N/A","2.01"
"2025-04-08 12:11:14","2025-04-08 12:11:16","Google Chrome","Build a Machine Learning Web App with Streamlit and Python - Home - Week week | Coursera - Google Chrome","N/A","2.0"
"2025-04-08 12:11:16","2025-04-08 12:11:34","Google Chrome","Build a Machine Learning Web App with Streamlit and Python | Coursera - Google Chrome","N/A","18.02"
"2025-04-08 12:11:34","2025-04-08 12:11:41","python.exe","Smart Screen Monitor","N/A","7.01"
"2025-04-08 12:11:41","2025-04-08 12:11:53","python.exe","Activity Log Viewer","N/A","12.19"
"2025-04-08 12:11:59","2025-04-08 12:13:21","python.exe","Activity Log Viewer","N/A","81.21"
"2025-04-08 12:13:21","2025-04-08 12:13:24","python.exe","Smart Screen Monitor","N/A","3.0"
"2025-04-08 12:13:24","2025-04-08 12:13:30","VS Code","screen_activity_log.csv - most_updated - Visual Studio Code","N/A","6.01"
"2025-04-08 12:13:30","2025-04-08 12:48:18","python.exe","Smart Screen Monitor","N/A","2088.22"
"2025-04-08 12:48:18","2025-04-08 12:48:35","VS Code","screen_activity_log.csv - most_updated - Visual Studio Code","N/A","17.02"
"2025-04-08 12:48:35","2025-04-08 12:48:37","Google Chrome","gradient-descent-code-from-scratch.ipynb - Colab - Google Chrome","N/A","2.0"
"2025-04-08 12:48:37","2025-04-08 12:48:42","Google Chrome","Build a Machine Learning Web App with Streamlit and Python | Coursera - Google Chrome","N/A","5.0"
"2025-04-08 12:48:42","2025-04-08 12:48:43","VS Code","screen_activity_log.csv - most_updated - Visual Studio Code","N/A","1.0"
